Timestamp, Data_type, Gyro x, Gyro y, Gyro z, Accel x, Accel y, Accel z, Filter yaw, Filter pitch, Filter roll, Image_name 
4.07095, IMU_DATA, 0.60375, -0.6475, -0.048125, -63, -1628, -16413, , , , , 
4.07125, IMU_DATA, 0.63875, -0.651875, -0.030625, -133, -1690, -16420, , , , , 
4.07154, IMU_DATA, 0.65625, -0.651875, -0.06125, -204, -1630, -16470, , , , , 
4.07185, IMU_DATA, 0.634375, -0.63875, -0.06125, -93, -1652, -16350, , , , , 
4.07215, IMU_DATA, 0.634375, -0.665, -0.065625, -156, -1654, -16440, , , , , 
4.07244, IMU_DATA, 0.660625, -0.65625, -0.07, -205, -1638, -16389, , , , , 
4.07274, IMU_DATA, 0.643125, -0.6475, -0.0875, -70, -1602, -16418, , , , , 
4.07305, IMU_DATA, 0.634375, -0.660625, -0.07, -115, -1647, -16389, , , , , 
4.07335, IMU_DATA, 0.643125, -0.65625, -0.091875, -86, -1589, -16377, , , , , 
4.07364, IMU_DATA, 0.6475, -0.634375, -0.100625, -163, -1683, -16382, , , , , 
4.07395, IMU_DATA, 0.616875, -0.6825, -0.091875, -142, -1655, -16371, , , , , 
4.07425, IMU_DATA, 0.608125, -0.63, -0.09625, -147, -1598, -16350, , , , , 
4.07454, IMU_DATA, 0.60375, -0.678125, -0.105, -92, -1690, -16336, , , , , 
4.07484, IMU_DATA, 0.60375, -0.6475, -0.109375, -131, -1626, -16373, , , , , 
4.07515, IMU_DATA, 0.564375, -0.65625, -0.13125, -156, -1667, -16417, , , , , 
4.07545, IMU_DATA, 0.555625, -0.669375, -0.109375, -135, -1627, -16398, , , , , 
4.07574, IMU_DATA, 0.56, -0.67375, -0.118125, -144, -1674, -16405, , , , , 
4.07605, IMU_DATA, 0.53375, -0.6475, -0.1225, -45, -1584, -16381, , , , , 
4.07635, IMU_DATA, 0.529375, -0.7, -0.109375, -83, -1643, -16329, , , , , 
4.07664, IMU_DATA, 0.511875, -0.660625, -0.126875, -83, -1594, -16405, , , , , 
4.07694, IMU_DATA, 0.49875, -0.669375, -0.11375, -98, -1626, -16345, , , , , 
4.07725, IMU_DATA, 0.49, -0.695625, -0.126875, -161, -1605, -16365, , , , , 
4.07755, IMU_DATA, 0.4725, -0.678125, -0.135625, -103, -1609, -16419, , , , , 
4.07784, IMU_DATA, 0.46375, -0.695625, -0.100625, -130, -1644, -16396, , , , , 
4.07815, IMU_DATA, 0.459375, -0.678125, -0.1225, -98, -1576, -16422, , , , , 
4.07845, IMU_DATA, 0.4375, -0.69125, -0.13125, -93, -1623, -16453, , , , , 
4.07874, IMU_DATA, 0.4375, -0.686875, -0.11375, -61, -1670, -16376, , , , , 
4.07904, IMU_DATA, 0.433125, -0.713125, -0.126875, -78, -1701, -16434, , , , , 
4.07935, IMU_DATA, 0.42, -0.665, -0.109375, -126, -1633, -16355, , , , , 
4.07965, IMU_DATA, 0.42, -0.7175, -0.135625, -79, -1722, -16462, , , , , 
4.07994, IMU_DATA, 0.389375, -0.686875, -0.105, -22, -1614, -16402, , , , , 
4.08025, IMU_DATA, 0.398125, -0.695625, -0.144375, -128, -1642, -16403, , , , , 
4.08055, IMU_DATA, 0.380625, -0.69125, -0.118125, -56, -1592, -16407, , , , , 
4.08084, IMU_DATA, 0.398125, -0.704375, -0.109375, -50, -1569, -16386, , , , , 
4.08114, IMU_DATA, 0.35875, -0.6825, -0.126875, -28, -1630, -16438, , , , , 
4.08145, IMU_DATA, 0.37625, -0.735, -0.126875, -156, -1557, -16405, , , , , 
4.08175, IMU_DATA, 0.345625, -0.660625, -0.105, -189, -1550, -16420, , , , , 
4.08204, IMU_DATA, 0.37625, -0.713125, -0.144375, 16, -1589, -16441, , , , , 
4.08235, IMU_DATA, 0.3325, -0.6825, -0.109375, -112, -1620, -16462, , , , , 
4.08265, IMU_DATA, 0.35, -0.669375, -0.1225, -78, -1638, -16414, , , , , 
4.08294, IMU_DATA, 0.354375, -0.70875, -0.13125, -102, -1654, -16437, , , , , 
4.08325, IMU_DATA, 0.336875, -0.660625, -0.118125, -87, -1597, -16470, , , , , 
4.08355, IMU_DATA, 0.354375, -0.67375, -0.09625, -122, -1602, -16504, , , , , 
4.08385, IMU_DATA, 0.319375, -0.665, -0.135625, -112, -1607, -16457, , , , , 
4.08414, IMU_DATA, 0.35, -0.651875, -0.118125, -195, -1552, -16478, , , , , 
4.08445, IMU_DATA, 0.32375, -0.660625, -0.13125, -88, -1602, -16400, , , , , 
4.08475, IMU_DATA, 0.354375, -0.651875, -0.109375, -54, -1688, -16416, , , , , 
4.08504, IMU_DATA, 0.315, -0.616875, -0.11375, -25, -1582, -16388, , , , , 
4.08535, IMU_DATA, 0.34125, -0.63875, -0.118125, -116, -1586, -16423, , , , , 
4.08565, IMU_DATA, 0.328125, -0.616875, -0.11375, -69, -1613, -16386, , , , , 
4.08595, IMU_DATA, 0.336875, -0.616875, -0.118125, -12, -1657, -16443, , , , , 
4.08624, IMU_DATA, 0.310625, -0.595, -0.100625, -88, -1588, -16391, , , , , 
4.08655, IMU_DATA, 0.35, -0.625625, -0.14875, -172, -1641, -16385, , , , , 
4.08685, IMU_DATA, 0.328125, -0.5775, -0.11375, -70, -1563, -16392, , , , , 
4.08714, IMU_DATA, 0.35875, -0.599375, -0.11375, -67, -1556, -16447, , , , , 
4.08745, IMU_DATA, 0.32375, -0.573125, -0.126875, -86, -1661, -16390, , , , , 
4.08775, IMU_DATA, 0.35, -0.60375, -0.14, -90, -1625, -16433, , , , , 
4.08805, IMU_DATA, 0.34125, -0.56875, -0.0875, -67, -1606, -16440, , , , , 
4.08834, IMU_DATA, 0.3675, -0.595, -0.16625, -83, -1606, -16428, , , , , 
4.08865, IMU_DATA, 0.3325, -0.581875, -0.1225, -127, -1605, -16357, , , , , 
4.08895, IMU_DATA, 0.354375, -0.564375, -0.135625, -60, -1654, -16361, , , , , 
4.08924, IMU_DATA, 0.363125, -0.5775, -0.14, -80, -1651, -16412, , , , , 
4.08955, IMU_DATA, 0.3675, -0.573125, -0.14875, -82, -1607, -16380, , , , , 
4.08985, IMU_DATA, 0.345625, -0.581875, -0.126875, -139, -1639, -16364, , , , , 
4.09015, IMU_DATA, 0.39375, -0.590625, -0.1575, -107, -1620, -16377, , , , , 
4.09044, IMU_DATA, 0.35875, -0.581875, -0.13125, -11, -1669, -16396, , , , , 
4.09075, IMU_DATA, 0.380625, -0.60375, -0.14875, -58, -1587, -16405, , , , , 
4.09105, IMU_DATA, 0.37625, -0.573125, -0.16625, -101, -1648, -16462, , , , , 
4.09134, IMU_DATA, 0.415625, -0.62125, -0.161875, -17, -1652, -16407, , , , , 
4.09165, IMU_DATA, 0.363125, -0.599375, -0.13125, -88, -1588, -16387, , , , , 
4.09195, IMU_DATA, 0.433125, -0.616875, -0.16625, -111, -1613, -16371, , , , , 
4.09225, IMU_DATA, 0.41125, -0.616875, -0.144375, -88, -1644, -16398, , , , , 
4.09254, IMU_DATA, 0.433125, -0.634375, -0.135625, -9, -1617, -16368, , , , , 
4.09285, IMU_DATA, 0.441875, -0.643125, -0.16625, -169, -1568, -16376, , , , , 
4.09315, IMU_DATA, 0.455, -0.625625, -0.161875, -179, -1541, -16388, , , , , 
4.09344, IMU_DATA, 0.46375, -0.67375, -0.14875, -74, -1647, -16395, , , , , 
4.09375, IMU_DATA, 0.4725, -0.669375, -0.1575, -59, -1626, -16370, , , , , 
4.09405, IMU_DATA, 0.49875, -0.67375, -0.1575, -133, -1574, -16391, , , , , 
4.09435, IMU_DATA, 0.485625, -0.65625, -0.13125, -99, -1592, -16369, , , , , 
4.09464, IMU_DATA, 0.529375, -0.713125, -0.170625, -76, -1633, -16348, , , , , 
4.09495, IMU_DATA, 0.51625, -0.695625, -0.14875, -52, -1596, -16380, , , , , 
4.09525, IMU_DATA, 0.511875, -0.6825, -0.13125, -70, -1579, -16427, , , , , 
4.09554, IMU_DATA, 0.53375, -0.70875, -0.170625, -78, -1614, -16416, , , , , 
4.09585, IMU_DATA, 0.546875, -0.704375, -0.14, -68, -1576, -16416, , , , , 
4.09615, IMU_DATA, 0.546875, -0.7175, -0.1575, -117, -1585, -16374, , , , , 
4.09645, IMU_DATA, 0.55125, -0.72625, -0.153125, -120, -1573, -16357, , , , , 
4.09674, IMU_DATA, 0.5425, -0.704375, -0.13125, -131, -1618, -16393, , , , , 
4.09705, IMU_DATA, 0.564375, -0.735, -0.14, -50, -1609, -16456, , , , , 
4.09735, IMU_DATA, 0.538125, -0.695625, -0.14, -78, -1672, -16355, , , , , 
4.09764, IMU_DATA, 0.56875, -0.7175, -0.135625, -99, -1566, -16393, , , , , 
4.09795, IMU_DATA, 0.581875, -0.721875, -0.14875, -83, -1556, -16408, , , , , 
4.09825, IMU_DATA, 0.55125, -0.70875, -0.118125, -97, -1637, -16353, , , , , 
4.09855, IMU_DATA, 0.573125, -0.70875, -0.118125, -146, -1626, -16382, , , , , 
4.09884, IMU_DATA, 0.5775, -0.7175, -0.144375, -121, -1641, -16397, , , , , 
4.09915, IMU_DATA, 0.581875, -0.704375, -0.118125, -55, -1599, -16347, , , , , 
4.09945, IMU_DATA, 0.5775, -0.704375, -0.105, -112, -1606, -16432, , , , , 
4.09974, IMU_DATA, 0.595, -0.704375, -0.13125, -107, -1560, -16394, , , , , 
4.10005, IMU_DATA, 0.56, -0.695625, -0.065625, -194, -1535, -16416, , , , , 
4.10035, IMU_DATA, 0.590625, -0.704375, -0.118125, -70, -1691, -16373, , , , , 
4.10065, IMU_DATA, 0.60375, -0.695625, -0.1225, -48, -1626, -16381, , , , , 
4.10094, IMU_DATA, 0.56, -0.695625, -0.056875, -60, -1639, -16414, , , , , 
4.10125, IMU_DATA, 0.590625, -0.69125, -0.100625, -138, -1613, -16428, , , , , 
4.10155, IMU_DATA, 0.56, -0.7, -0.07875, -107, -1611, -16378, , , , , 
4.10184, IMU_DATA, 0.56875, -0.686875, -0.048125, -115, -1638, -16376, , , , , 
4.10215, IMU_DATA, 0.538125, -0.704375, -0.06125, -107, -1586, -16399, , , , , 
4.10245, IMU_DATA, 0.56875, -0.67375, -0.07, -104, -1578, -16384, , , , , 
4.10275, IMU_DATA, 0.546875, -0.686875, -0.048125, -51, -1590, -16360, , , , , 
4.10304, IMU_DATA, 0.51625, -0.669375, -0.039375, -207, -1571, -16374, , , , , 
4.10335, IMU_DATA, 0.538125, -0.70875, -0.02625, -143, -1579, -16390, , , , , 
4.10365, IMU_DATA, 0.511875, -0.65625, -0.04375, -116, -1610, -16386, , , , , 
4.10394, IMU_DATA, 0.5075, -0.6825, -0.030625, -126, -1666, -16420, , , , , 
4.10425, IMU_DATA, 0.511875, -0.665, 0.0, -231, -1701, -16368, , , , , 
4.10455, IMU_DATA, 0.520625, -0.660625, -0.06125, -170, -1653, -16372, , , , , 
4.10485, IMU_DATA, 0.4725, -0.660625, 0.013125, -144, -1560, -16378, , , , , 
4.10514, IMU_DATA, 0.520625, -0.660625, -0.0175, -143, -1648, -16417, , , , , 
4.10545, IMU_DATA, 0.511875, -0.660625, -0.030625, -156, -1593, -16377, , , , , 
4.10575, IMU_DATA, 0.48125, -0.625625, -0.0175, -52, -1671, -16381, , , , , 
4.10604, IMU_DATA, 0.51625, -0.6475, 0.0, -68, -1552, -16378, , , , , 
4.10635, IMU_DATA, 0.503125, -0.643125, -0.02625, -103, -1591, -16352, , , , , 
4.10665, IMU_DATA, 0.476875, -0.62125, -0.02625, -134, -1601, -16374, , , , , 
4.10695, IMU_DATA, 0.5075, -0.643125, -0.00875, -36, -1647, -16402, , , , , 
4.10724, IMU_DATA, 0.494375, -0.63875, -0.056875, -97, -1604, -16410, , , , , 
4.10755, IMU_DATA, 0.520625, -0.63, -0.039375, -81, -1587, -16405, , , , , 
4.10785, IMU_DATA, 0.49875, -0.616875, -0.030625, -80, -1600, -16456, , , , , 
4.10814, IMU_DATA, 0.494375, -0.6125, -0.039375, -85, -1611, -16392, , , , , 
4.10845, IMU_DATA, 0.494375, -0.6125, -0.056875, -76, -1620, -16414, , , , , 
4.10875, IMU_DATA, 0.503125, -0.634375, -0.048125, -32, -1618, -16399, , , , , 
4.10905, IMU_DATA, 0.494375, -0.616875, -0.056875, -118, -1648, -16372, , , , , 
4.10934, IMU_DATA, 0.49875, -0.625625, -0.074375, -128, -1681, -16453, , , , , 
4.10965, IMU_DATA, 0.468125, -0.599375, -0.048125, -96, -1583, -16416, , , , , 
4.10995, IMU_DATA, 0.503125, -0.63, -0.09625, -124, -1645, -16426, , , , , 
4.11024, IMU_DATA, 0.494375, -0.608125, -0.074375, -142, -1562, -16440, , , , , 
4.11055, IMU_DATA, 0.49875, -0.608125, -0.07, -151, -1606, -16388, , , , , 
4.11085, IMU_DATA, 0.48125, -0.599375, -0.07, -166, -1571, -16383, , , , , 
4.11115, IMU_DATA, 0.51625, -0.63, -0.11375, -90, -1591, -16382, , , , , 
4.11144, IMU_DATA, 0.49875, -0.616875, -0.06125, -42, -1649, -16370, , , , , 
4.11175, IMU_DATA, 0.49875, -0.590625, -0.0875, -138, -1621, -16395, , , , , 
4.11205, IMU_DATA, 0.520625, -0.6475, -0.135625, -126, -1652, -16295, , , , , 
4.11234, IMU_DATA, 0.5075, -0.60375, -0.083125, -81, -1650, -16322, , , , , 
4.11265, IMU_DATA, 0.538125, -0.63875, -0.118125, -37, -1579, -16375, , , , , 
4.11295, IMU_DATA, 0.51625, -0.599375, -0.109375, -28, -1573, -16399, , , , , 
4.11325, IMU_DATA, 0.5425, -0.643125, -0.118125, -32, -1662, -16371, , , , , 
4.11354, IMU_DATA, 0.53375, -0.651875, -0.109375, -77, -1618, -16391, , , , , 
4.11385, IMU_DATA, 0.55125, -0.63875, -0.135625, -78, -1564, -16378, , , , , 
4.11415, IMU_DATA, 0.51625, -0.63875, -0.118125, -117, -1517, -16358, , , , , 
4.11444, IMU_DATA, 0.555625, -0.660625, -0.14875, -118, -1639, -16448, , , , , 
4.11475, IMU_DATA, 0.538125, -0.62125, -0.135625, -83, -1631, -16372, , , , , 
4.11505, IMU_DATA, 0.564375, -0.660625, -0.126875, -72, -1612, -16400, , , , , 
4.11535, IMU_DATA, 0.546875, -0.665, -0.1225, -70, -1625, -16410, , , , , 
4.11564, IMU_DATA, 0.55125, -0.665, -0.170625, -54, -1632, -16424, , , , , 
4.11595, IMU_DATA, 0.546875, -0.665, -0.13125, -65, -1654, -16306, , , , , 
4.11625, IMU_DATA, 0.55125, -0.651875, -0.126875, -88, -1564, -16305, , , , , 
4.11654, IMU_DATA, 0.564375, -0.65625, -0.153125, -81, -1555, -16403, , , , , 
4.11685, IMU_DATA, 0.56, -0.665, -0.144375, -38, -1585, -16374, , , , , 
4.11715, IMU_DATA, 0.55125, -0.6825, -0.11375, -104, -1665, -16387, , , , , 
4.11744, IMU_DATA, 0.555625, -0.651875, -0.161875, -138, -1574, -16320, , , , , 
4.11774, IMU_DATA, 0.5775, -0.69125, -0.135625, -93, -1687, -16440, , , , , 
4.11805, IMU_DATA, 0.564375, -0.67375, -0.105, -177, -1638, -16449, , , , , 
4.11835, IMU_DATA, 0.573125, -0.69125, -0.161875, -89, -1585, -16468, , , , , 
4.11864, IMU_DATA, 0.581875, -0.695625, -0.118125, -134, -1578, -16441, , , , , 
4.11895, IMU_DATA, 0.5775, -0.713125, -0.135625, -77, -1652, -16379, , , , , 
4.11925, IMU_DATA, 0.595, -0.69125, -0.1225, -96, -1650, -16357, , , , , 
4.11954, IMU_DATA, 0.5775, -0.730625, -0.135625, -73, -1617, -16383, , , , , 
4.11984, IMU_DATA, 0.590625, -0.713125, -0.109375, -120, -1636, -16360, , , , , 
4.12015, IMU_DATA, 0.608125, -0.730625, -0.126875, -108, -1592, -16401, , , , , 
4.12045, IMU_DATA, 0.595, -0.735, -0.126875, -175, -1640, -16357, , , , , 
4.12074, IMU_DATA, 0.6125, -0.721875, -0.0875, -114, -1578, -16410, , , , , 
4.12105, IMU_DATA, 0.581875, -0.721875, -0.1225, -141, -1569, -16378, , , , , 
4.12135, IMU_DATA, 0.634375, -0.735, -0.126875, -40, -1650, -16327, , , , , 
4.12164, IMU_DATA, 0.595, -0.7175, -0.048125, -34, -1615, -16351, , , , , 
3.95166, IMG_DATA, , , , , , , , , , Image_00062 
3.98517, IMG_DATA, , , , , , , , , , Image_00063 
4.19094, IMU_DATA, 0.48125, -0.665, -0.126875, -54, -1527, -16426, , , , , 
4.19125, IMU_DATA, 0.485625, -0.686875, -0.118125, -11, -1605, -16432, , , , , 
4.19155, IMU_DATA, 0.49875, -0.660625, -0.135625, -117, -1584, -16445, , , , , 
4.19184, IMU_DATA, 0.49, -0.643125, -0.105, -90, -1694, -16418, , , , , 
4.19214, IMU_DATA, 0.511875, -0.67375, -0.13125, -106, -1632, -16432, , , , , 
4.19245, IMU_DATA, 0.49, -0.63, -0.118125, -86, -1613, -16443, , , , , 
4.19275, IMU_DATA, 0.53375, -0.660625, -0.118125, -65, -1638, -16482, , , , , 
4.19304, IMU_DATA, 0.49, -0.651875, -0.126875, -61, -1529, -16457, , , , , 
4.19335, IMU_DATA, 0.53375, -0.6475, -0.1225, -64, -1628, -16378, , , , , 
4.19365, IMU_DATA, 0.5425, -0.651875, -0.118125, -149, -1625, -16402, , , , , 
4.19394, IMU_DATA, 0.529375, -0.6475, -0.118125, -72, -1586, -16407, , , , , 
4.19424, IMU_DATA, 0.564375, -0.643125, -0.11375, -88, -1615, -16433, , , , , 
4.19455, IMU_DATA, 0.525, -0.63875, -0.100625, -85, -1628, -16414, , , , , 
4.19485, IMU_DATA, 0.56, -0.65625, -0.118125, -75, -1648, -16378, , , , , 
4.19514, IMU_DATA, 0.56, -0.643125, -0.09625, -98, -1580, -16413, , , , , 
4.19545, IMU_DATA, 0.56, -0.669375, -0.13125, -118, -1644, -16380, , , , , 
4.19575, IMU_DATA, 0.5425, -0.6475, -0.083125, -150, -1600, -16455, , , , , 
4.19604, IMU_DATA, 0.581875, -0.660625, -0.100625, -105, -1559, -16445, , , , , 
4.19634, IMU_DATA, 0.573125, -0.6475, -0.109375, -112, -1590, -16387, , , , , 
4.19665, IMU_DATA, 0.546875, -0.669375, -0.0875, -164, -1620, -16331, , , , , 
4.19695, IMU_DATA, 0.56875, -0.65625, -0.0875, -114, -1591, -16364, , , , , 
4.19724, IMU_DATA, 0.56875, -0.678125, -0.07875, -86, -1540, -16415, , , , , 
4.19755, IMU_DATA, 0.5425, -0.665, -0.083125, -71, -1676, -16427, , , , , 
4.19785, IMU_DATA, 0.56, -0.665, -0.0875, -115, -1703, -16454, , , , , 
4.19814, IMU_DATA, 0.56875, -0.686875, -0.07875, -82, -1634, -16394, , , , , 
4.19844, IMU_DATA, 0.55125, -0.7, -0.07, -112, -1604, -16459, , , , , 
4.19875, IMU_DATA, 0.564375, -0.686875, -0.07875, -101, -1645, -16387, , , , , 
4.19905, IMU_DATA, 0.5775, -0.7175, -0.07875, -77, -1572, -16385, , , , , 
4.19934, IMU_DATA, 0.5775, -0.70875, -0.091875, -102, -1636, -16394, , , , , 
4.19965, IMU_DATA, 0.590625, -0.713125, -0.06125, -123, -1615, -16453, , , , , 
4.19995, IMU_DATA, 0.58625, -0.721875, -0.056875, -52, -1605, -16400, , , , , 
4.20024, IMU_DATA, 0.63, -0.739375, -0.11375, -146, -1657, -16376, , , , , 
4.20054, IMU_DATA, 0.56875, -0.721875, -0.056875, -77, -1629, -16437, , , , , 
4.20085, IMU_DATA, 0.625625, -0.748125, -0.0875, 29, -1591, -16436, , , , , 
4.20115, IMU_DATA, 0.625625, -0.76125, -0.07875, -79, -1563, -16410, , , , , 
4.20144, IMU_DATA, 0.62125, -0.748125, -0.065625, -36, -1666, -16383, , , , , 
4.20175, IMU_DATA, 0.6125, -0.765625, -0.09625, -124, -1654, -16414, , , , , 
4.20205, IMU_DATA, 0.616875, -0.756875, -0.07875, -67, -1652, -16328, , , , , 
4.20234, IMU_DATA, 0.63875, -0.77, -0.091875, -58, -1652, -16353, , , , , 
4.20264, IMU_DATA, 0.62125, -0.74375, -0.07875, -59, -1609, -16339, , , , , 
4.20295, IMU_DATA, 0.616875, -0.765625, -0.083125, -172, -1589, -16412, , , , , 
4.20325, IMU_DATA, 0.62125, -0.765625, -0.105, -119, -1546, -16457, , , , , 
4.20354, IMU_DATA, 0.608125, -0.76125, -0.074375, -46, -1631, -16450, , , , , 
4.20385, IMU_DATA, 0.595, -0.7525, -0.07, -95, -1632, -16445, , , , , 
4.20415, IMU_DATA, 0.616875, -0.739375, -0.109375, -105, -1638, -16443, , , , , 
4.20444, IMU_DATA, 0.564375, -0.77875, -0.065625, -143, -1571, -16446, , , , , 
4.20474, IMU_DATA, 0.6125, -0.74375, -0.0875, -124, -1664, -16392, , , , , 
4.20505, IMU_DATA, 0.595, -0.7525, -0.07, 2, -1619, -16393, , , , , 
4.20535, IMU_DATA, 0.564375, -0.739375, -0.07, -73, -1570, -16398, , , , , 
4.20564, IMU_DATA, 0.581875, -0.74375, -0.07875, -35, -1602, -16384, , , , , 
4.20595, IMU_DATA, 0.5775, -0.77, -0.074375, -72, -1613, -16440, , , , , 
4.20625, IMU_DATA, 0.55125, -0.739375, -0.065625, -118, -1645, -16390, , , , , 
4.20654, IMU_DATA, 0.56, -0.748125, -0.056875, -108, -1641, -16407, , , , , 
4.20684, IMU_DATA, 0.56, -0.7525, -0.065625, -155, -1577, -16469, , , , , 
4.20715, IMU_DATA, 0.525, -0.721875, -0.0525, -118, -1572, -16459, , , , , 
4.20745, IMU_DATA, 0.55125, -0.748125, -0.065625, -87, -1665, -16388, , , , , 
4.20774, IMU_DATA, 0.511875, -0.739375, -0.06125, -97, -1553, -16442, , , , , 
4.20805, IMU_DATA, 0.51625, -0.721875, -0.0525, -84, -1608, -16491, , , , , 
4.20835, IMU_DATA, 0.53375, -0.72625, -0.0525, -92, -1635, -16359, , , , , 
4.20864, IMU_DATA, 0.48125, -0.7, -0.04375, -82, -1628, -16371, , , , , 
4.20895, IMU_DATA, 0.48125, -0.713125, -0.048125, -45, -1691, -16394, , , , , 
4.20925, IMU_DATA, 0.476875, -0.7, -0.048125, -76, -1630, -16445, , , , , 
4.20955, IMU_DATA, 0.49, -0.7175, -0.065625, -67, -1639, -16381, , , , , 
4.20984, IMU_DATA, 0.459375, -0.660625, -0.02625, -110, -1604, -16452, , , , , 
4.21015, IMU_DATA, 0.468125, -0.686875, -0.07, -79, -1595, -16427, , , , , 
4.21045, IMU_DATA, 0.450625, -0.678125, -0.065625, -157, -1599, -16432, , , , , 
4.21074, IMU_DATA, 0.441875, -0.660625, -0.035, -90, -1672, -16416, , , , , 
4.21105, IMU_DATA, 0.4725, -0.660625, -0.0525, -77, -1550, -16439, , , , , 
4.21135, IMU_DATA, 0.42, -0.678125, -0.04375, -61, -1600, -16445, , , , , 
4.21165, IMU_DATA, 0.424375, -0.643125, -0.06125, -84, -1637, -16406, , , , , 
4.21194, IMU_DATA, 0.459375, -0.6475, -0.074375, -94, -1585, -16398, , , , , 
4.21225, IMU_DATA, 0.42, -0.65625, -0.0525, -42, -1594, -16355, , , , , 
4.21255, IMU_DATA, 0.44625, -0.6475, -0.07875, -65, -1647, -16394, , , , , 
4.21284, IMU_DATA, 0.406875, -0.6475, -0.056875, -65, -1576, -16441, , , , , 
4.21315, IMU_DATA, 0.433125, -0.651875, -0.07875, -146, -1626, -16456, , , , , 
4.21345, IMU_DATA, 0.42875, -0.651875, -0.06125, -109, -1564, -16426, , , , , 
4.21375, IMU_DATA, 0.37625, -0.63875, -0.074375, -159, -1635, -16364, , , , , 
4.21404, IMU_DATA, 0.415625, -0.651875, -0.065625, -56, -1578, -16344, , , , , 
4.21435, IMU_DATA, 0.433125, -0.643125, -0.09625, -110, -1604, -16420, , , , , 
4.21465, IMU_DATA, 0.398125, -0.643125, -0.07, -9, -1624, -16418, , , , , 
4.21494, IMU_DATA, 0.41125, -0.669375, -0.07875, -25, -1554, -16496, , , , , 
4.21525, IMU_DATA, 0.415625, -0.6475, -0.07875, -111, -1608, -16422, , , , , 
4.21555, IMU_DATA, 0.39375, -0.65625, -0.065625, -128, -1487, -16360, , , , , 
4.21585, IMU_DATA, 0.42, -0.651875, -0.06125, -89, -1597, -16349, , , , , 
4.21614, IMU_DATA, 0.424375, -0.669375, -0.083125, -69, -1723, -16380, , , , , 
4.21645, IMU_DATA, 0.406875, -0.69125, -0.091875, -78, -1658, -16384, , , , , 
4.21675, IMU_DATA, 0.415625, -0.625625, -0.04375, -132, -1608, -16433, , , , , 
4.21704, IMU_DATA, 0.42875, -0.6825, -0.0875, -211, -1555, -16403, , , , , 
4.21735, IMU_DATA, 0.433125, -0.660625, -0.074375, -107, -1527, -16347, , , , , 
4.21765, IMU_DATA, 0.424375, -0.660625, -0.0875, -126, -1588, -16413, , , , , 
4.21795, IMU_DATA, 0.433125, -0.67375, -0.074375, -180, -1540, -16385, , , , , 
4.21824, IMU_DATA, 0.424375, -0.651875, -0.083125, -86, -1618, -16391, , , , , 
4.21855, IMU_DATA, 0.433125, -0.6825, -0.07, -27, -1662, -16364, , , , , 
4.21885, IMU_DATA, 0.433125, -0.660625, -0.091875, -44, -1579, -16392, , , , , 
4.21914, IMU_DATA, 0.433125, -0.651875, -0.100625, -66, -1502, -16421, , , , , 
4.21945, IMU_DATA, 0.415625, -0.660625, -0.0875, -105, -1612, -16427, , , , , 
4.21975, IMU_DATA, 0.415625, -0.669375, -0.100625, -84, -1576, -16436, , , , , 
4.22005, IMU_DATA, 0.42875, -0.669375, -0.091875, -63, -1629, -16394, , , , , 
4.22034, IMU_DATA, 0.41125, -0.660625, -0.100625, -107, -1522, -16328, , , , , 
4.22065, IMU_DATA, 0.41125, -0.665, -0.0875, -56, -1552, -16412, , , , , 
4.22095, IMU_DATA, 0.406875, -0.6475, -0.11375, -154, -1578, -16307, , , , , 
4.22124, IMU_DATA, 0.406875, -0.665, -0.083125, -130, -1638, -16352, , , , , 
4.22155, IMU_DATA, 0.39375, -0.686875, -0.135625, -21, -1551, -16493, , , , , 
4.22185, IMU_DATA, 0.398125, -0.651875, -0.0875, -121, -1575, -16404, , , , , 
4.22215, IMU_DATA, 0.42, -0.665, -0.105, -73, -1528, -16397, , , , , 
4.22244, IMU_DATA, 0.4025, -0.669375, -0.105, -158, -1549, -16313, , , , , 
4.22275, IMU_DATA, 0.37625, -0.63875, -0.09625, -98, -1673, -16355, , , , , 
4.22305, IMU_DATA, 0.433125, -0.678125, -0.118125, -72, -1621, -16377, , , , , 
4.22334, IMU_DATA, 0.39375, -0.660625, -0.100625, -97, -1586, -16472, , , , , 
4.22365, IMU_DATA, 0.42, -0.669375, -0.109375, -142, -1543, -16437, , , , , 
4.22395, IMU_DATA, 0.424375, -0.669375, -0.109375, -148, -1574, -16374, , , , , 
4.22425, IMU_DATA, 0.415625, -0.665, -0.109375, -154, -1600, -16423, , , , , 
4.22454, IMU_DATA, 0.424375, -0.660625, -0.100625, -62, -1582, -16404, , , , , 
4.22485, IMU_DATA, 0.42875, -0.67375, -0.09625, -173, -1680, -16453, , , , , 
4.22515, IMU_DATA, 0.44625, -0.678125, -0.126875, -181, -1641, -16386, , , , , 
4.22544, IMU_DATA, 0.433125, -0.6825, -0.083125, -88, -1607, -16396, , , , , 
4.22575, IMU_DATA, 0.450625, -0.686875, -0.091875, -93, -1611, -16390, , , , , 
4.22605, IMU_DATA, 0.455, -0.678125, -0.1225, -89, -1581, -16376, , , , , 
4.22635, IMU_DATA, 0.42875, -0.678125, -0.07875, -98, -1558, -16344, , , , , 
4.22664, IMU_DATA, 0.4725, -0.6825, -0.100625, -84, -1570, -16328, , , , , 
4.22695, IMU_DATA, 0.44625, -0.695625, -0.09625, -58, -1631, -16374, , , , , 
4.22725, IMU_DATA, 0.468125, -0.67375, -0.09625, -97, -1651, -16383, , , , , 
4.22754, IMU_DATA, 0.44625, -0.7, -0.06125, -164, -1645, -16426, , , , , 
4.22785, IMU_DATA, 0.476875, -0.678125, -0.100625, -142, -1576, -16439, , , , , 
4.22815, IMU_DATA, 0.48125, -0.678125, -0.083125, -80, -1578, -16398, , , , , 
4.22845, IMU_DATA, 0.455, -0.67375, -0.07875, -113, -1623, -16406, , , , , 
4.22874, IMU_DATA, 0.49, -0.686875, -0.105, -152, -1606, -16419, , , , , 
4.22905, IMU_DATA, 0.459375, -0.67375, -0.07, -150, -1555, -16421, , , , , 
4.22935, IMU_DATA, 0.520625, -0.6825, -0.091875, -142, -1601, -16415, , , , , 
4.22964, IMU_DATA, 0.46375, -0.651875, -0.083125, -152, -1622, -16401, , , , , 
4.22995, IMU_DATA, 0.49875, -0.678125, -0.074375, -160, -1605, -16375, , , , , 
4.23025, IMU_DATA, 0.48125, -0.665, -0.0875, -108, -1652, -16428, , , , , 
4.23055, IMU_DATA, 0.48125, -0.65625, -0.074375, -38, -1566, -16371, , , , , 
4.23084, IMU_DATA, 0.525, -0.660625, -0.0875, -58, -1532, -16389, , , , , 
4.23115, IMU_DATA, 0.503125, -0.660625, -0.056875, -122, -1544, -16372, , , , , 
4.23145, IMU_DATA, 0.4725, -0.63, -0.065625, -153, -1541, -16398, , , , , 
4.23174, IMU_DATA, 0.494375, -0.651875, -0.0525, -105, -1609, -16419, , , , , 
4.23205, IMU_DATA, 0.53375, -0.65625, -0.06125, -156, -1581, -16364, , , , , 
4.23235, IMU_DATA, 0.46375, -0.63875, -0.07, -76, -1678, -16404, , , , , 
4.23265, IMU_DATA, 0.520625, -0.625625, -0.035, -145, -1550, -16406, , , , , 
4.23294, IMU_DATA, 0.48125, -0.634375, -0.030625, -150, -1591, -16356, , , , , 
4.23325, IMU_DATA, 0.511875, -0.643125, -0.056875, -67, -1552, -16439, , , , , 
4.23355, IMU_DATA, 0.4725, -0.6125, -0.0175, -31, -1585, -16414, , , , , 
4.23384, IMU_DATA, 0.5075, -0.625625, -0.00875, -56, -1540, -16344, , , , , 
4.23415, IMU_DATA, 0.51625, -0.651875, -0.048125, -76, -1623, -16378, , , , , 
4.23445, IMU_DATA, 0.49, -0.581875, -0.021875, -175, -1591, -16379, , , , , 
4.23475, IMU_DATA, 0.51625, -0.625625, -0.013125, -118, -1678, -16376, , , , , 
4.23504, IMU_DATA, 0.511875, -0.63, -0.048125, -15, -1698, -16429, , , , , 
4.23535, IMU_DATA, 0.4725, -0.60375, -0.004375, -95, -1627, -16401, , , , , 
4.23565, IMU_DATA, 0.55125, -0.651875, -0.048125, -94, -1616, -16416, , , , , 
4.23594, IMU_DATA, 0.49, -0.58625, -0.004375, -180, -1643, -16370, , , , , 
4.23625, IMU_DATA, 0.51625, -0.62125, -0.048125, -121, -1577, -16397, , , , , 
4.23655, IMU_DATA, 0.5075, -0.62125, -0.030625, -149, -1576, -16400, , , , , 
4.23685, IMU_DATA, 0.529375, -0.643125, -0.039375, -79, -1668, -16419, , , , , 
4.23714, IMU_DATA, 0.5075, -0.616875, -0.04375, -51, -1628, -16348, , , , , 
4.23745, IMU_DATA, 0.53375, -0.65625, -0.048125, -101, -1562, -16429, , , , , 
4.23775, IMU_DATA, 0.529375, -0.63, -0.048125, -54, -1574, -16366, , , , , 
4.23804, IMU_DATA, 0.53375, -0.651875, -0.065625, -36, -1630, -16399, , , , , 
4.23835, IMU_DATA, 0.525, -0.643125, -0.039375, -156, -1618, -16406, , , , , 
4.23865, IMU_DATA, 0.53375, -0.665, -0.083125, -107, -1599, -16366, , , , , 
4.23895, IMU_DATA, 0.529375, -0.678125, -0.0525, -147, -1588, -16392, , , , , 
4.23924, IMU_DATA, 0.5425, -0.678125, -0.056875, -80, -1586, -16339, , , , , 
4.23955, IMU_DATA, 0.520625, -0.7, -0.074375, -127, -1595, -16457, , , , , 
4.23985, IMU_DATA, 0.546875, -0.669375, -0.06125, -152, -1592, -16346, , , , , 
4.24014, IMU_DATA, 0.5425, -0.70875, -0.065625, -65, -1640, -16374, , , , , 
4.24045, IMU_DATA, 0.525, -0.686875, -0.06125, -98, -1675, -16403, , , , , 
4.24075, IMU_DATA, 0.55125, -0.735, -0.083125, -58, -1643, -16438, , , , , 
4.24104, IMU_DATA, 0.53375, -0.69125, -0.030625, -22, -1581, -16384, , , , , 
4.24134, IMU_DATA, 0.53375, -0.721875, -0.0875, -91, -1605, -16414, , , , , 
4.24165, IMU_DATA, 0.53375, -0.7, -0.07875, -108, -1610, -16430, , , , , 
4.07861, IMG_DATA, , , , , , , , , , Image_00064 
4.1095, IMG_DATA, , , , , , , , , , Image_00065 
4.32414, IMU_DATA, 0.590625, -0.590625, -0.030625, -124, -1637, -16362, , , , , 
4.32445, IMU_DATA, 0.608125, -0.634375, -0.039375, -82, -1641, -16329, , , , , 
4.32475, IMU_DATA, 0.595, -0.6125, -0.021875, 2, -1623, -16431, , , , , 
4.32504, IMU_DATA, 0.643125, -0.63875, -0.0175, -84, -1668, -16398, , , , , 
4.32535, IMU_DATA, 0.6125, -0.63875, -0.048125, -46, -1602, -16377, , , , , 
4.32565, IMU_DATA, 0.63875, -0.665, -0.030625, -36, -1602, -16402, , , , , 
4.32594, IMU_DATA, 0.65625, -0.67375, -0.021875, -109, -1674, -16452, , , , , 
4.32624, IMU_DATA, 0.625625, -0.6475, -0.0175, -88, -1597, -16448, , , , , 
4.32655, IMU_DATA, 0.65625, -0.69125, -0.048125, -36, -1620, -16407, , , , , 
4.32685, IMU_DATA, 0.634375, -0.686875, -0.004375, -139, -1712, -16400, , , , , 
4.32714, IMU_DATA, 0.65625, -0.70875, -0.048125, -90, -1535, -16405, , , , , 
4.32745, IMU_DATA, 0.63, -0.69125, 0.0, -95, -1650, -16388, , , , , 
4.32775, IMU_DATA, 0.67375, -0.730625, -0.04375, -134, -1586, -16387, , , , , 
4.32804, IMU_DATA, 0.63875, -0.721875, -0.021875, -130, -1629, -16428, , , , , 
4.32834, IMU_DATA, 0.665, -0.686875, -0.013125, -144, -1692, -16398, , , , , 
4.32865, IMU_DATA, 0.65625, -0.765625, -0.0175, -45, -1733, -16383, , , , , 
4.32895, IMU_DATA, 0.65625, -0.7, -0.04375, -108, -1617, -16401, , , , , 
4.32924, IMU_DATA, 0.616875, -0.713125, -0.0175, -40, -1646, -16460, , , , , 
4.32955, IMU_DATA, 0.6825, -0.7525, -0.035, -87, -1606, -16374, , , , , 
4.32985, IMU_DATA, 0.643125, -0.721875, -0.02625, -100, -1569, -16385, , , , , 
4.33014, IMU_DATA, 0.6475, -0.739375, -0.021875, -30, -1704, -16323, , , , , 
4.33044, IMU_DATA, 0.651875, -0.7525, -0.030625, -99, -1647, -16377, , , , , 
4.33075, IMU_DATA, 0.651875, -0.7525, -0.048125, -66, -1574, -16476, , , , , 
4.33105, IMU_DATA, 0.634375, -0.72625, -0.0175, -61, -1641, -16489, , , , , 
4.33134, IMU_DATA, 0.65625, -0.756875, -0.06125, -82, -1619, -16385, , , , , 
4.33165, IMU_DATA, 0.6475, -0.739375, -0.04375, -157, -1619, -16321, , , , , 
4.33195, IMU_DATA, 0.6125, -0.739375, -0.035, -177, -1603, -16327, , , , , 
4.33224, IMU_DATA, 0.665, -0.774375, -0.07875, -154, -1588, -16379, , , , , 
4.33255, IMU_DATA, 0.60375, -0.77, -0.039375, -93, -1594, -16399, , , , , 
4.33285, IMU_DATA, 0.634375, -0.7525, -0.06125, -94, -1634, -16305, , , , , 
4.33315, IMU_DATA, 0.58625, -0.748125, -0.030625, -176, -1589, -16375, , , , , 
4.33344, IMU_DATA, 0.63, -0.77, -0.07875, -106, -1620, -16388, , , , , 
4.33375, IMU_DATA, 0.599375, -0.7525, -0.065625, -91, -1633, -16412, , , , , 
4.33405, IMU_DATA, 0.608125, -0.77, -0.065625, -130, -1626, -16393, , , , , 
4.33434, IMU_DATA, 0.564375, -0.77, -0.039375, -104, -1629, -16414, , , , , 
4.33465, IMU_DATA, 0.590625, -0.748125, -0.06125, -81, -1590, -16408, , , , , 
4.33495, IMU_DATA, 0.55125, -0.74375, -0.074375, -60, -1640, -16418, , , , , 
4.33525, IMU_DATA, 0.573125, -0.77, -0.048125, -94, -1613, -16379, , , , , 
4.33554, IMU_DATA, 0.538125, -0.77, -0.048125, -110, -1615, -16425, , , , , 
4.33585, IMU_DATA, 0.55125, -0.74375, -0.083125, -71, -1615, -16390, , , , , 
4.33615, IMU_DATA, 0.53375, -0.74375, -0.04375, -132, -1561, -16380, , , , , 
4.33644, IMU_DATA, 0.51625, -0.72625, -0.035, -76, -1714, -16364, , , , , 
4.33675, IMU_DATA, 0.503125, -0.739375, -0.07, -56, -1678, -16392, , , , , 
4.33705, IMU_DATA, 0.5075, -0.721875, -0.039375, -28, -1666, -16447, , , , , 
4.33735, IMU_DATA, 0.459375, -0.69125, -0.0175, -126, -1566, -16429, , , , , 
4.33764, IMU_DATA, 0.494375, -0.721875, -0.074375, -61, -1638, -16357, , , , , 
4.33795, IMU_DATA, 0.494375, -0.70875, -0.02625, -88, -1621, -16322, , , , , 
4.33825, IMU_DATA, 0.415625, -0.67375, -0.0525, -112, -1674, -16396, , , , , 
4.33854, IMU_DATA, 0.494375, -0.67375, -0.056875, -143, -1611, -16384, , , , , 
4.33885, IMU_DATA, 0.4025, -0.665, -0.0175, -36, -1577, -16371, , , , , 
4.33915, IMU_DATA, 0.468125, -0.665, -0.074375, -99, -1682, -16310, , , , , 
4.33945, IMU_DATA, 0.41125, -0.665, -0.02625, -96, -1584, -16393, , , , , 
4.33974, IMU_DATA, 0.44625, -0.6475, -0.048125, -148, -1548, -16413, , , , , 
4.34005, IMU_DATA, 0.44625, -0.660625, -0.065625, -21, -1664, -16386, , , , , 
4.34035, IMU_DATA, 0.4025, -0.634375, -0.065625, -90, -1558, -16404, , , , , 
4.34064, IMU_DATA, 0.415625, -0.65625, -0.039375, -110, -1602, -16396, , , , , 
4.34095, IMU_DATA, 0.441875, -0.651875, -0.07875, -79, -1551, -16366, , , , , 
4.34125, IMU_DATA, 0.415625, -0.63875, -0.083125, -152, -1630, -16333, , , , , 
4.34155, IMU_DATA, 0.44625, -0.665, -0.074375, -127, -1610, -16349, , , , , 
4.34184, IMU_DATA, 0.42, -0.660625, -0.083125, -134, -1623, -16319, , , , , 
4.34215, IMU_DATA, 0.42, -0.63, -0.0875, -136, -1568, -16335, , , , , 
4.34245, IMU_DATA, 0.44625, -0.660625, -0.100625, -118, -1615, -16400, , , , , 
4.34274, IMU_DATA, 0.4375, -0.651875, -0.074375, -55, -1596, -16425, , , , , 
4.34305, IMU_DATA, 0.459375, -0.67375, -0.13125, -58, -1609, -16428, , , , , 
4.34335, IMU_DATA, 0.424375, -0.643125, -0.07, -83, -1618, -16385, , , , , 
4.34365, IMU_DATA, 0.468125, -0.686875, -0.109375, -171, -1603, -16422, , , , , 
4.34394, IMU_DATA, 0.441875, -0.63875, -0.109375, -180, -1603, -16416, , , , , 
4.34425, IMU_DATA, 0.455, -0.660625, -0.083125, -158, -1608, -16358, , , , , 
4.34455, IMU_DATA, 0.46375, -0.686875, -0.105, -156, -1619, -16425, , , , , 
4.34484, IMU_DATA, 0.468125, -0.6475, -0.11375, -27, -1577, -16452, , , , , 
4.34515, IMU_DATA, 0.455, -0.643125, -0.065625, -106, -1615, -16461, , , , , 
4.34545, IMU_DATA, 0.455, -0.660625, -0.11375, -39, -1707, -16375, , , , , 
4.34575, IMU_DATA, 0.455, -0.65625, -0.091875, -107, -1644, -16353, , , , , 
4.34604, IMU_DATA, 0.468125, -0.6475, -0.083125, -151, -1624, -16400, , , , , 
4.34635, IMU_DATA, 0.476875, -0.65625, -0.083125, -69, -1607, -16386, , , , , 
4.34665, IMU_DATA, 0.459375, -0.6475, -0.09625, -53, -1604, -16391, , , , , 
4.34694, IMU_DATA, 0.46375, -0.634375, -0.0875, -105, -1670, -16475, , , , , 
4.34725, IMU_DATA, 0.468125, -0.669375, -0.074375, -72, -1570, -16467, , , , , 
4.34755, IMU_DATA, 0.459375, -0.6125, -0.0875, -80, -1577, -16456, , , , , 
4.34785, IMU_DATA, 0.494375, -0.651875, -0.105, -150, -1540, -16346, , , , , 
4.34814, IMU_DATA, 0.48125, -0.6475, -0.0875, -85, -1544, -16434, , , , , 
4.34845, IMU_DATA, 0.485625, -0.60375, -0.100625, -108, -1650, -16353, , , , , 
4.34875, IMU_DATA, 0.525, -0.6475, -0.109375, -108, -1674, -16429, , , , , 
4.34904, IMU_DATA, 0.485625, -0.625625, -0.09625, -37, -1640, -16408, , , , , 
4.34935, IMU_DATA, 0.525, -0.634375, -0.105, -86, -1567, -16404, , , , , 
4.34965, IMU_DATA, 0.48125, -0.62125, -0.118125, -41, -1678, -16456, , , , , 
4.34995, IMU_DATA, 0.53375, -0.60375, -0.09625, -96, -1680, -16479, , , , , 
4.35024, IMU_DATA, 0.494375, -0.63875, -0.13125, -20, -1684, -16490, , , , , 
4.35055, IMU_DATA, 0.5425, -0.60375, -0.1225, -69, -1674, -16492, , , , , 
4.35085, IMU_DATA, 0.5075, -0.62125, -0.105, 9, -1605, -16383, , , , , 
4.35114, IMU_DATA, 0.529375, -0.625625, -0.144375, -129, -1604, -16390, , , , , 
4.35145, IMU_DATA, 0.48125, -0.599375, -0.091875, -112, -1609, -16380, , , , , 
4.35175, IMU_DATA, 0.529375, -0.590625, -0.109375, -65, -1692, -16386, , , , , 
4.35205, IMU_DATA, 0.503125, -0.6125, -0.1575, -80, -1714, -16374, , , , , 
4.35234, IMU_DATA, 0.5075, -0.60375, -0.091875, -70, -1637, -16329, , , , , 
4.35265, IMU_DATA, 0.520625, -0.595, -0.100625, -36, -1587, -16390, , , , , 
4.35295, IMU_DATA, 0.485625, -0.599375, -0.109375, -59, -1647, -16390, , , , , 
4.35324, IMU_DATA, 0.503125, -0.58625, -0.118125, -4, -1585, -16410, , , , , 
4.35355, IMU_DATA, 0.5075, -0.58625, -0.091875, -44, -1532, -16392, , , , , 
4.35385, IMU_DATA, 0.494375, -0.56875, -0.100625, 25, -1577, -16336, , , , , 
4.35415, IMU_DATA, 0.5075, -0.58625, -0.074375, -126, -1612, -16339, , , , , 
4.35444, IMU_DATA, 0.520625, -0.581875, -0.100625, -82, -1576, -16396, , , , , 
4.35475, IMU_DATA, 0.4725, -0.55125, -0.07875, -12, -1563, -16469, , , , , 
4.35505, IMU_DATA, 0.525, -0.595, -0.083125, -62, -1634, -16339, , , , , 
4.35534, IMU_DATA, 0.49875, -0.555625, -0.048125, -48, -1572, -16369, , , , , 
4.35565, IMU_DATA, 0.5075, -0.56875, -0.06125, -80, -1700, -16345, , , , , 
4.35595, IMU_DATA, 0.511875, -0.55125, -0.0525, -40, -1638, -16317, , , , , 
4.35625, IMU_DATA, 0.4725, -0.555625, -0.013125, -13, -1678, -16308, , , , , 
4.35654, IMU_DATA, 0.529375, -0.56875, -0.07875, -58, -1575, -16349, , , , , 
4.35685, IMU_DATA, 0.4725, -0.538125, 0.004375, -70, -1529, -16376, , , , , 
4.35715, IMU_DATA, 0.49875, -0.56, -0.0175, -100, -1640, -16369, , , , , 
4.35744, IMU_DATA, 0.485625, -0.555625, -0.030625, -128, -1637, -16382, , , , , 
4.35775, IMU_DATA, 0.48125, -0.56, -0.00875, -17, -1613, -16356, , , , , 
4.35805, IMU_DATA, 0.468125, -0.55125, 0.0, -150, -1564, -16280, , , , , 
4.35835, IMU_DATA, 0.476875, -0.56, -0.0175, -91, -1587, -16322, , , , , 
4.35864, IMU_DATA, 0.44625, -0.5425, 0.021875, -74, -1527, -16308, , , , , 
4.35895, IMU_DATA, 0.468125, -0.581875, -0.004375, -81, -1558, -16394, , , , , 
4.35925, IMU_DATA, 0.459375, -0.56, 0.013125, -45, -1630, -16350, , , , , 
4.35954, IMU_DATA, 0.433125, -0.564375, 0.00875, -7, -1596, -16371, , , , , 
4.35985, IMU_DATA, 0.4725, -0.590625, -0.004375, -89, -1640, -16379, , , , , 
4.36015, IMU_DATA, 0.433125, -0.55125, 0.0, -54, -1581, -16438, , , , , 
4.36045, IMU_DATA, 0.46375, -0.60375, 0.035, -25, -1566, -16459, , , , , 
4.36074, IMU_DATA, 0.459375, -0.590625, -0.013125, -78, -1609, -16310, , , , , 
4.36105, IMU_DATA, 0.4375, -0.581875, -0.0175, -117, -1589, -16370, , , , , 
4.36135, IMU_DATA, 0.450625, -0.590625, 0.004375, -117, -1588, -16362, , , , , 
4.36164, IMU_DATA, 0.455, -0.5775, 0.00875, -126, -1611, -16392, , , , , 
4.36195, IMU_DATA, 0.455, -0.595, -0.04375, -78, -1614, -16385, , , , , 
4.36225, IMU_DATA, 0.44625, -0.581875, 0.0, -66, -1635, -16414, , , , , 
4.36255, IMU_DATA, 0.468125, -0.60375, -0.013125, -61, -1529, -16447, , , , , 
4.36284, IMU_DATA, 0.459375, -0.581875, -0.030625, -148, -1501, -16444, , , , , 
4.36315, IMU_DATA, 0.476875, -0.590625, -0.035, -147, -1620, -16442, , , , , 
4.36345, IMU_DATA, 0.450625, -0.58625, -0.030625, -36, -1631, -16444, , , , , 
4.36374, IMU_DATA, 0.4725, -0.58625, -0.02625, -166, -1576, -16425, , , , , 
4.36405, IMU_DATA, 0.46375, -0.608125, -0.0525, -71, -1718, -16444, , , , , 
4.36435, IMU_DATA, 0.476875, -0.573125, -0.030625, -45, -1669, -16436, , , , , 
4.36465, IMU_DATA, 0.49, -0.608125, -0.06125, -93, -1636, -16467, , , , , 
4.36494, IMU_DATA, 0.48125, -0.6125, -0.0525, 14, -1655, -16433, , , , , 
4.36525, IMU_DATA, 0.48125, -0.564375, -0.0525, -81, -1540, -16474, , , , , 
4.36555, IMU_DATA, 0.485625, -0.634375, -0.06125, -141, -1639, -16406, , , , , 
4.36584, IMU_DATA, 0.5075, -0.599375, -0.06125, -55, -1609, -16443, , , , , 
4.36615, IMU_DATA, 0.5075, -0.625625, -0.039375, -68, -1666, -16414, , , , , 
4.36645, IMU_DATA, 0.485625, -0.608125, -0.07875, -109, -1588, -16387, , , , , 
4.36674, IMU_DATA, 0.511875, -0.625625, -0.0875, -37, -1580, -16392, , , , , 
4.36704, IMU_DATA, 0.49, -0.634375, -0.056875, -28, -1560, -16432, , , , , 
4.36735, IMU_DATA, 0.520625, -0.634375, -0.07875, -88, -1622, -16444, , , , , 
4.36765, IMU_DATA, 0.5075, -0.625625, -0.07875, -80, -1581, -16466, , , , , 
4.36794, IMU_DATA, 0.525, -0.669375, -0.0875, -80, -1549, -16457, , , , , 
4.36825, IMU_DATA, 0.494375, -0.660625, -0.074375, -51, -1615, -16402, , , , , 
4.36855, IMU_DATA, 0.525, -0.63875, -0.100625, -97, -1584, -16425, , , , , 
4.36884, IMU_DATA, 0.503125, -0.6825, -0.07875, -80, -1600, -16435, , , , , 
4.36914, IMU_DATA, 0.5075, -0.6825, -0.100625, -64, -1620, -16398, , , , , 
4.36945, IMU_DATA, 0.546875, -0.695625, -0.100625, -74, -1575, -16431, , , , , 
4.36975, IMU_DATA, 0.49875, -0.69125, -0.07875, -163, -1616, -16438, , , , , 
4.37004, IMU_DATA, 0.538125, -0.713125, -0.11375, -128, -1628, -16395, , , , , 
4.37035, IMU_DATA, 0.53375, -0.7175, -0.091875, -142, -1672, -16357, , , , , 
4.37065, IMU_DATA, 0.503125, -0.70875, -0.074375, -59, -1585, -16410, , , , , 
4.37094, IMU_DATA, 0.529375, -0.739375, -0.105, -94, -1658, -16372, , , , , 
4.37124, IMU_DATA, 0.51625, -0.735, -0.074375, -149, -1656, -16403, , , , , 
4.37155, IMU_DATA, 0.555625, -0.735, -0.100625, -66, -1563, -16406, , , , , 
4.37185, IMU_DATA, 0.511875, -0.7525, -0.074375, -71, -1587, -16435, , , , , 
4.37214, IMU_DATA, 0.55125, -0.765625, -0.0875, -65, -1639, -16357, , , , , 
4.37245, IMU_DATA, 0.525, -0.739375, -0.07, -102, -1623, -16364, , , , , 
4.37275, IMU_DATA, 0.546875, -0.77, -0.09625, -134, -1563, -16377, , , , , 
4.37304, IMU_DATA, 0.5425, -0.748125, -0.048125, -131, -1594, -16363, , , , , 
4.37334, IMU_DATA, 0.53375, -0.74375, -0.07875, -106, -1673, -16358, , , , , 
4.37365, IMU_DATA, 0.56875, -0.77875, -0.083125, -114, -1618, -16381, , , , , 
4.37395, IMU_DATA, 0.5425, -0.735, -0.07, -164, -1635, -16404, , , , , 
4.37424, IMU_DATA, 0.56, -0.774375, -0.065625, -109, -1624, -16409, , , , , 
4.37455, IMU_DATA, 0.555625, -0.739375, -0.06125, -132, -1610, -16376, , , , , 
4.37485, IMU_DATA, 0.564375, -0.76125, -0.074375, -114, -1689, -16397, , , , , 
4.19171, IMG_DATA, , , , , , , , , , Image_00066 
4.22443, IMG_DATA, , , , , , , , , , Image_00067 
4.44444, IMU_DATA, 0.433125, -0.6825, -0.14, -95, -1600, -16418, , , , , 
4.44475, IMU_DATA, 0.4375, -0.713125, -0.153125, -2, -1621, -16420, , , , , 
4.44505, IMU_DATA, 0.406875, -0.686875, -0.13125, -15, -1660, -16430, , , , , 
4.44534, IMU_DATA, 0.459375, -0.70875, -0.14, -86, -1618, -16495, , , , , 
4.44564, IMU_DATA, 0.41125, -0.67375, -0.14, -114, -1540, -16430, , , , , 
4.44595, IMU_DATA, 0.441875, -0.70875, -0.1575, -93, -1586, -16425, , , , , 
4.44625, IMU_DATA, 0.455, -0.686875, -0.126875, -120, -1646, -16344, , , , , 
4.44654, IMU_DATA, 0.42875, -0.678125, -0.126875, -91, -1625, -16425, , , , , 
4.44685, IMU_DATA, 0.455, -0.695625, -0.1575, -91, -1593, -16391, , , , , 
4.44715, IMU_DATA, 0.4375, -0.721875, -0.118125, -114, -1587, -16377, , , , , 
4.44744, IMU_DATA, 0.455, -0.65625, -0.135625, -131, -1586, -16398, , , , , 
4.44774, IMU_DATA, 0.433125, -0.704375, -0.126875, -25, -1591, -16389, , , , , 
4.44805, IMU_DATA, 0.4725, -0.695625, -0.126875, -2, -1528, -16384, , , , , 
4.44835, IMU_DATA, 0.455, -0.669375, -0.135625, -54, -1568, -16393, , , , , 
4.44864, IMU_DATA, 0.46375, -0.686875, -0.1225, 4, -1613, -16375, , , , , 
4.44895, IMU_DATA, 0.459375, -0.665, -0.11375, -150, -1594, -16373, , , , , 
4.44925, IMU_DATA, 0.476875, -0.704375, -0.13125, -75, -1544, -16376, , , , , 
4.44954, IMU_DATA, 0.4725, -0.660625, -0.109375, -67, -1580, -16437, , , , , 
4.44984, IMU_DATA, 0.476875, -0.669375, -0.105, -88, -1609, -16384, , , , , 
4.45015, IMU_DATA, 0.5075, -0.660625, -0.11375, -51, -1537, -16294, , , , , 
4.45045, IMU_DATA, 0.49875, -0.65625, -0.100625, -81, -1706, -16297, , , , , 
4.45074, IMU_DATA, 0.520625, -0.63875, -0.074375, -51, -1571, -16353, , , , , 
4.45105, IMU_DATA, 0.49875, -0.651875, -0.091875, -66, -1543, -16366, , , , , 
4.45135, IMU_DATA, 0.546875, -0.63, -0.105, -78, -1659, -16398, , , , , 
4.45164, IMU_DATA, 0.5425, -0.63, -0.07, -62, -1625, -16358, , , , , 
4.45194, IMU_DATA, 0.53375, -0.6125, -0.04375, -143, -1562, -16368, , , , , 
4.45225, IMU_DATA, 0.538125, -0.63875, -0.0875, -155, -1612, -16368, , , , , 
4.45255, IMU_DATA, 0.590625, -0.634375, -0.048125, -74, -1576, -16415, , , , , 
4.45284, IMU_DATA, 0.546875, -0.60375, -0.07, -154, -1588, -16405, , , , , 
4.45315, IMU_DATA, 0.573125, -0.608125, -0.04375, -79, -1590, -16394, , , , , 
4.45345, IMU_DATA, 0.60375, -0.625625, -0.021875, -100, -1555, -16406, , , , , 
4.45374, IMU_DATA, 0.5775, -0.6125, -0.07, -44, -1539, -16405, , , , , 
4.45404, IMU_DATA, 0.599375, -0.616875, -0.030625, -76, -1588, -16420, , , , , 
4.45435, IMU_DATA, 0.581875, -0.62125, -0.02625, -122, -1621, -16342, , , , , 
4.45465, IMU_DATA, 0.616875, -0.616875, -0.048125, -60, -1625, -16385, , , , , 
4.45494, IMU_DATA, 0.63, -0.616875, -0.039375, -218, -1668, -16335, , , , , 
4.45525, IMU_DATA, 0.599375, -0.608125, -0.004375, -90, -1632, -16359, , , , , 
4.45555, IMU_DATA, 0.625625, -0.634375, -0.048125, -33, -1564, -16306, , , , , 
4.45584, IMU_DATA, 0.6125, -0.608125, -0.030625, -135, -1615, -16377, , , , , 
4.45614, IMU_DATA, 0.62125, -0.643125, -0.02625, -100, -1571, -16346, , , , , 
4.45645, IMU_DATA, 0.63, -0.63, -0.021875, -90, -1535, -16328, , , , , 
4.45675, IMU_DATA, 0.63, -0.62125, -0.035, -61, -1683, -16349, , , , , 
4.45704, IMU_DATA, 0.63875, -0.651875, -0.035, -114, -1608, -16338, , , , , 
4.45735, IMU_DATA, 0.62125, -0.634375, -0.04375, -73, -1561, -16388, , , , , 
4.45765, IMU_DATA, 0.608125, -0.63875, -0.021875, 11, -1588, -16426, , , , , 
4.45794, IMU_DATA, 0.625625, -0.665, -0.039375, -22, -1580, -16423, , , , , 
4.45825, IMU_DATA, 0.63875, -0.63875, -0.04375, -141, -1574, -16336, , , , , 
4.45855, IMU_DATA, 0.625625, -0.6825, -0.048125, -89, -1648, -16364, , , , , 
4.45885, IMU_DATA, 0.625625, -0.65625, -0.065625, -68, -1607, -16437, , , , , 
4.45914, IMU_DATA, 0.590625, -0.67375, -0.039375, -89, -1629, -16382, , , , , 
4.45945, IMU_DATA, 0.608125, -0.669375, -0.04375, -60, -1633, -16388, , , , , 
4.45975, IMU_DATA, 0.62125, -0.70875, -0.083125, -118, -1591, -16406, , , , , 
4.46004, IMU_DATA, 0.599375, -0.678125, -0.0525, -24, -1597, -16397, , , , , 
4.46035, IMU_DATA, 0.60375, -0.704375, -0.074375, -93, -1582, -16328, , , , , 
4.46065, IMU_DATA, 0.590625, -0.7, -0.083125, -142, -1608, -16403, , , , , 
4.46095, IMU_DATA, 0.5775, -0.69125, -0.065625, -126, -1604, -16352, , , , , 
4.46124, IMU_DATA, 0.590625, -0.730625, -0.105, -46, -1627, -16434, , , , , 
4.46155, IMU_DATA, 0.546875, -0.7, -0.065625, -160, -1583, -16420, , , , , 
4.46185, IMU_DATA, 0.590625, -0.730625, -0.09625, -104, -1650, -16397, , , , , 
4.46214, IMU_DATA, 0.56, -0.704375, -0.09625, -68, -1627, -16356, , , , , 
4.46245, IMU_DATA, 0.555625, -0.72625, -0.091875, -30, -1622, -16381, , , , , 
4.46275, IMU_DATA, 0.55125, -0.7175, -0.09625, -96, -1611, -16390, , , , , 
4.46305, IMU_DATA, 0.5425, -0.735, -0.109375, -109, -1580, -16407, , , , , 
4.46334, IMU_DATA, 0.53375, -0.730625, -0.09625, -119, -1651, -16421, , , , , 
4.46365, IMU_DATA, 0.5425, -0.730625, -0.09625, -164, -1634, -16307, , , , , 
4.46395, IMU_DATA, 0.525, -0.70875, -0.09625, -108, -1559, -16326, , , , , 
4.46424, IMU_DATA, 0.51625, -0.76125, -0.105, -62, -1554, -16364, , , , , 
4.46455, IMU_DATA, 0.51625, -0.70875, -0.105, -15, -1647, -16296, , , , , 
4.46485, IMU_DATA, 0.520625, -0.76125, -0.118125, -124, -1596, -16336, , , , , 
4.46515, IMU_DATA, 0.494375, -0.72625, -0.109375, -118, -1680, -16374, , , , , 
4.46544, IMU_DATA, 0.511875, -0.7525, -0.074375, -104, -1609, -16378, , , , , 
4.46575, IMU_DATA, 0.48125, -0.72625, -0.13125, -148, -1638, -16393, , , , , 
4.46605, IMU_DATA, 0.520625, -0.74375, -0.0875, -118, -1646, -16381, , , , , 
4.46634, IMU_DATA, 0.511875, -0.76125, -0.126875, -85, -1652, -16362, , , , , 
4.46665, IMU_DATA, 0.49, -0.730625, -0.091875, -154, -1709, -16329, , , , , 
4.46695, IMU_DATA, 0.5075, -0.74375, -0.109375, -49, -1686, -16370, , , , , 
4.46725, IMU_DATA, 0.494375, -0.735, -0.109375, -103, -1562, -16360, , , , , 
4.46754, IMU_DATA, 0.49, -0.74375, -0.100625, -120, -1606, -16384, , , , , 
4.46785, IMU_DATA, 0.5075, -0.739375, -0.126875, -100, -1596, -16361, , , , , 
4.46815, IMU_DATA, 0.525, -0.765625, -0.07875, -77, -1629, -16337, , , , , 
4.46844, IMU_DATA, 0.511875, -0.72625, -0.126875, -46, -1549, -16274, , , , , 
4.46875, IMU_DATA, 0.51625, -0.74375, -0.091875, -85, -1617, -16416, , , , , 
4.46905, IMU_DATA, 0.51625, -0.739375, -0.105, -44, -1648, -16357, , , , , 
4.46935, IMU_DATA, 0.503125, -0.721875, -0.105, -86, -1619, -16318, , , , , 
4.46964, IMU_DATA, 0.525, -0.72625, -0.135625, -65, -1622, -16334, , , , , 
4.46995, IMU_DATA, 0.525, -0.748125, -0.09625, -83, -1617, -16382, , , , , 
4.47025, IMU_DATA, 0.525, -0.704375, -0.07875, -87, -1619, -16350, , , , , 
4.47054, IMU_DATA, 0.525, -0.721875, -0.14, -46, -1623, -16364, , , , , 
4.47085, IMU_DATA, 0.5425, -0.713125, -0.0875, -151, -1684, -16355, , , , , 
4.47115, IMU_DATA, 0.529375, -0.704375, -0.105, -143, -1664, -16360, , , , , 
4.47145, IMU_DATA, 0.525, -0.7, -0.09625, -119, -1626, -16408, , , , , 
4.47174, IMU_DATA, 0.538125, -0.7, -0.109375, -74, -1679, -16411, , , , , 
4.47205, IMU_DATA, 0.555625, -0.704375, -0.0875, -140, -1641, -16396, , , , , 
4.47235, IMU_DATA, 0.546875, -0.67375, -0.11375, -137, -1602, -16389, , , , , 
4.47264, IMU_DATA, 0.555625, -0.69125, -0.0875, -50, -1633, -16386, , , , , 
4.47295, IMU_DATA, 0.5425, -0.686875, -0.0875, -128, -1603, -16403, , , , , 
4.47325, IMU_DATA, 0.56875, -0.686875, -0.091875, -162, -1616, -16430, , , , , 
4.47355, IMU_DATA, 0.564375, -0.660625, -0.0875, -128, -1674, -16448, , , , , 
4.47384, IMU_DATA, 0.564375, -0.678125, -0.118125, -97, -1566, -16424, , , , , 
4.47415, IMU_DATA, 0.5775, -0.665, -0.074375, -152, -1590, -16433, , , , , 
4.47445, IMU_DATA, 0.56, -0.69125, -0.105, -84, -1624, -16404, , , , , 
4.47474, IMU_DATA, 0.56875, -0.643125, -0.07875, -60, -1621, -16415, , , , , 
4.47505, IMU_DATA, 0.564375, -0.686875, -0.109375, -39, -1682, -16426, , , , , 
4.47535, IMU_DATA, 0.573125, -0.67375, -0.091875, -178, -1565, -16447, , , , , 
4.47565, IMU_DATA, 0.56875, -0.65625, -0.091875, -88, -1668, -16421, , , , , 
4.47594, IMU_DATA, 0.5775, -0.669375, -0.126875, -104, -1664, -16400, , , , , 
4.47625, IMU_DATA, 0.53375, -0.6475, -0.07875, -117, -1642, -16467, , , , , 
4.47655, IMU_DATA, 0.56875, -0.704375, -0.13125, -160, -1657, -16466, , , , , 
4.47684, IMU_DATA, 0.546875, -0.660625, -0.09625, -63, -1681, -16490, , , , , 
4.47715, IMU_DATA, 0.5425, -0.669375, -0.07875, -98, -1589, -16456, , , , , 
4.47745, IMU_DATA, 0.53375, -0.665, -0.105, -87, -1565, -16442, , , , , 
4.47775, IMU_DATA, 0.5425, -0.695625, -0.109375, -128, -1664, -16437, , , , , 
4.47804, IMU_DATA, 0.51625, -0.65625, -0.091875, -91, -1672, -16430, , , , , 
4.47835, IMU_DATA, 0.53375, -0.6825, -0.105, -141, -1538, -16390, , , , , 
4.47865, IMU_DATA, 0.5075, -0.686875, -0.07875, -156, -1602, -16407, , , , , 
4.47894, IMU_DATA, 0.511875, -0.678125, -0.100625, -20, -1623, -16436, , , , , 
4.47925, IMU_DATA, 0.51625, -0.69125, -0.07875, -40, -1615, -16473, , , , , 
4.47955, IMU_DATA, 0.503125, -0.65625, -0.0875, -78, -1613, -16492, , , , , 
4.47985, IMU_DATA, 0.494375, -0.6825, -0.074375, -106, -1634, -16404, , , , , 
4.48014, IMU_DATA, 0.49875, -0.686875, -0.065625, -123, -1673, -16362, , , , , 
4.48045, IMU_DATA, 0.48125, -0.669375, -0.0875, -88, -1630, -16408, , , , , 
4.48075, IMU_DATA, 0.503125, -0.6825, -0.07, -172, -1527, -16388, , , , , 
4.48104, IMU_DATA, 0.49875, -0.665, -0.065625, -116, -1694, -16422, , , , , 
4.48135, IMU_DATA, 0.485625, -0.6825, -0.09625, 3, -1709, -16343, , , , , 
4.48165, IMU_DATA, 0.48125, -0.651875, -0.06125, -180, -1612, -16381, , , , , 
4.48195, IMU_DATA, 0.4725, -0.665, -0.074375, -50, -1622, -16466, , , , , 
4.48224, IMU_DATA, 0.48125, -0.6475, -0.07875, -39, -1704, -16417, , , , , 
4.48255, IMU_DATA, 0.476875, -0.678125, -0.0525, -99, -1598, -16418, , , , , 
4.48285, IMU_DATA, 0.485625, -0.6475, -0.0875, -162, -1625, -16441, , , , , 
4.48314, IMU_DATA, 0.46375, -0.634375, -0.074375, -122, -1623, -16365, , , , , 
4.48345, IMU_DATA, 0.485625, -0.651875, -0.07, -28, -1666, -16457, , , , , 
4.48375, IMU_DATA, 0.46375, -0.6475, -0.074375, -85, -1606, -16360, , , , , 
4.48405, IMU_DATA, 0.44625, -0.63875, -0.0875, -62, -1663, -16479, , , , , 
4.48434, IMU_DATA, 0.4725, -0.643125, -0.065625, -92, -1638, -16447, , , , , 
4.48465, IMU_DATA, 0.459375, -0.625625, -0.07875, -132, -1690, -16404, , , , , 
4.48495, IMU_DATA, 0.46375, -0.65625, -0.0525, -83, -1597, -16431, , , , , 
4.48524, IMU_DATA, 0.44625, -0.63, -0.0875, -123, -1579, -16392, , , , , 
4.48555, IMU_DATA, 0.455, -0.643125, -0.074375, -167, -1561, -16392, , , , , 
4.48585, IMU_DATA, 0.441875, -0.6475, -0.07, -169, -1626, -16370, , , , , 
4.48615, IMU_DATA, 0.450625, -0.63, -0.056875, -135, -1611, -16451, , , , , 
4.48644, IMU_DATA, 0.44625, -0.6475, -0.06125, -120, -1653, -16435, , , , , 
4.48675, IMU_DATA, 0.468125, -0.6475, -0.091875, -98, -1633, -16429, , , , , 
4.48705, IMU_DATA, 0.441875, -0.643125, -0.056875, -99, -1624, -16408, , , , , 
4.48734, IMU_DATA, 0.459375, -0.660625, -0.06125, -61, -1604, -16420, , , , , 
4.48765, IMU_DATA, 0.459375, -0.63875, -0.083125, -64, -1684, -16476, , , , , 
4.48795, IMU_DATA, 0.46375, -0.660625, -0.083125, -79, -1583, -16421, , , , , 
4.48825, IMU_DATA, 0.468125, -0.651875, -0.07, -118, -1610, -16371, , , , , 
4.48854, IMU_DATA, 0.468125, -0.6475, -0.065625, -64, -1604, -16431, , , , , 
4.48885, IMU_DATA, 0.49, -0.65625, -0.083125, -56, -1576, -16402, , , , , 
4.48915, IMU_DATA, 0.48125, -0.669375, -0.0525, -136, -1569, -16372, , , , , 
4.48944, IMU_DATA, 0.49, -0.651875, -0.07875, -86, -1618, -16373, , , , , 
4.48975, IMU_DATA, 0.476875, -0.643125, -0.074375, -116, -1619, -16426, , , , , 
4.49005, IMU_DATA, 0.48125, -0.67375, -0.07875, -120, -1626, -16402, , , , , 
4.49035, IMU_DATA, 0.511875, -0.65625, -0.07, -46, -1618, -16462, , , , , 
4.49064, IMU_DATA, 0.48125, -0.669375, -0.091875, -116, -1661, -16375, , , , , 
4.49095, IMU_DATA, 0.511875, -0.660625, -0.06125, -113, -1639, -16316, , , , , 
4.49125, IMU_DATA, 0.49, -0.69125, -0.091875, -149, -1524, -16416, , , , , 
4.49154, IMU_DATA, 0.49, -0.665, -0.074375, -108, -1661, -16402, , , , , 
4.49185, IMU_DATA, 0.49875, -0.69125, -0.083125, -56, -1667, -16329, , , , , 
4.49215, IMU_DATA, 0.503125, -0.686875, -0.07875, -154, -1592, -16362, , , , , 
4.49244, IMU_DATA, 0.5075, -0.678125, -0.0875, -125, -1554, -16372, , , , , 
4.49274, IMU_DATA, 0.494375, -0.7175, -0.09625, 21, -1606, -16373, , , , , 
4.49305, IMU_DATA, 0.494375, -0.695625, -0.074375, -55, -1647, -16384, , , , , 
4.49335, IMU_DATA, 0.529375, -0.7175, -0.0875, -144, -1614, -16409, , , , , 
4.49364, IMU_DATA, 0.4725, -0.7, -0.083125, -140, -1644, -16443, , , , , 
4.49395, IMU_DATA, 0.525, -0.76125, -0.105, -79, -1576, -16355, , , , , 
4.49425, IMU_DATA, 0.520625, -0.7, -0.056875, -79, -1688, -16366, , , , , 
4.49454, IMU_DATA, 0.49, -0.735, -0.07875, -115, -1588, -16402, , , , , 
4.49484, IMU_DATA, 0.49875, -0.748125, -0.091875, -122, -1692, -16404, , , , , 
4.49515, IMU_DATA, 0.511875, -0.730625, -0.083125, -22, -1583, -16318, , , , , 
4.31586, IMG_DATA, , , , , , , , , , Image_00068 
4.34875, IMG_DATA, , , , , , , , , , Image_00069 
4.57375, IMU_DATA, 0.328125, -0.62125, -0.144375, -69, -1563, -16392, , , , , 
4.57405, IMU_DATA, 0.32375, -0.6125, -0.109375, -57, -1593, -16423, , , , , 
4.57434, IMU_DATA, 0.34125, -0.590625, -0.14875, -164, -1586, -16433, , , , , 
4.57465, IMU_DATA, 0.380625, -0.6125, -0.1225, -132, -1634, -16378, , , , , 
4.57495, IMU_DATA, 0.363125, -0.599375, -0.09625, -116, -1645, -16419, , , , , 
4.57524, IMU_DATA, 0.39375, -0.590625, -0.13125, -119, -1561, -16372, , , , , 
4.57554, IMU_DATA, 0.37625, -0.58625, -0.091875, -60, -1532, -16345, , , , , 
4.57585, IMU_DATA, 0.415625, -0.608125, -0.105, -148, -1631, -16402, , , , , 
4.57615, IMU_DATA, 0.424375, -0.599375, -0.105, -79, -1581, -16410, , , , , 
4.57644, IMU_DATA, 0.441875, -0.595, -0.091875, -40, -1597, -16391, , , , , 
4.57675, IMU_DATA, 0.46375, -0.599375, -0.07875, -145, -1517, -16379, , , , , 
4.57705, IMU_DATA, 0.494375, -0.58625, -0.07875, -164, -1603, -16353, , , , , 
4.57734, IMU_DATA, 0.476875, -0.595, -0.074375, -67, -1653, -16360, , , , , 
4.57764, IMU_DATA, 0.525, -0.616875, -0.07, -132, -1604, -16400, , , , , 
4.57795, IMU_DATA, 0.55125, -0.599375, -0.07, -127, -1548, -16440, , , , , 
4.57825, IMU_DATA, 0.546875, -0.590625, -0.056875, -68, -1646, -16376, , , , , 
4.57854, IMU_DATA, 0.564375, -0.6125, -0.04375, -92, -1620, -16392, , , , , 
4.57885, IMU_DATA, 0.590625, -0.60375, -0.0525, -104, -1662, -16363, , , , , 
4.57915, IMU_DATA, 0.599375, -0.616875, -0.056875, -86, -1648, -16350, , , , , 
4.57944, IMU_DATA, 0.63, -0.6125, -0.02625, -114, -1529, -16457, , , , , 
4.57974, IMU_DATA, 0.62125, -0.590625, -0.048125, -44, -1574, -16371, , , , , 
4.58005, IMU_DATA, 0.63875, -0.616875, -0.0525, -80, -1536, -16414, , , , , 
4.58035, IMU_DATA, 0.63, -0.60375, -0.035, -68, -1613, -16405, , , , , 
4.58064, IMU_DATA, 0.643125, -0.608125, -0.04375, -151, -1616, -16432, , , , , 
4.58095, IMU_DATA, 0.660625, -0.608125, -0.056875, -8, -1543, -16367, , , , , 
4.58125, IMU_DATA, 0.643125, -0.616875, -0.021875, -132, -1581, -16421, , , , , 
4.58154, IMU_DATA, 0.65625, -0.595, -0.048125, -90, -1580, -16357, , , , , 
4.58184, IMU_DATA, 0.660625, -0.634375, -0.083125, -25, -1575, -16375, , , , , 
4.58215, IMU_DATA, 0.669375, -0.599375, -0.0175, -120, -1637, -16380, , , , , 
4.58245, IMU_DATA, 0.616875, -0.60375, -0.048125, -110, -1598, -16390, , , , , 
4.58274, IMU_DATA, 0.6825, -0.63, -0.07875, -110, -1674, -16371, , , , , 
4.58305, IMU_DATA, 0.616875, -0.599375, -0.035, -104, -1657, -16320, , , , , 
4.58335, IMU_DATA, 0.669375, -0.608125, -0.07, -94, -1552, -16438, , , , , 
4.58364, IMU_DATA, 0.634375, -0.63, -0.07875, -75, -1595, -16342, , , , , 
4.58395, IMU_DATA, 0.634375, -0.608125, -0.030625, -141, -1582, -16347, , , , , 
4.58425, IMU_DATA, 0.6475, -0.63, -0.065625, -107, -1676, -16359, , , , , 
4.58455, IMU_DATA, 0.643125, -0.6125, -0.065625, -105, -1658, -16422, , , , , 
4.58484, IMU_DATA, 0.599375, -0.63875, -0.04375, 0, -1579, -16363, , , , , 
4.58515, IMU_DATA, 0.625625, -0.6125, -0.065625, -148, -1607, -16336, , , , , 
4.58545, IMU_DATA, 0.6125, -0.643125, -0.065625, -198, -1603, -16394, , , , , 
4.58574, IMU_DATA, 0.63, -0.643125, -0.0525, -166, -1577, -16402, , , , , 
4.58605, IMU_DATA, 0.599375, -0.634375, -0.039375, -126, -1560, -16422, , , , , 
4.58635, IMU_DATA, 0.60375, -0.660625, -0.091875, -73, -1629, -16428, , , , , 
4.58665, IMU_DATA, 0.590625, -0.643125, -0.021875, -103, -1606, -16452, , , , , 
4.58694, IMU_DATA, 0.608125, -0.665, -0.0525, -151, -1599, -16438, , , , , 
4.58725, IMU_DATA, 0.581875, -0.643125, -0.074375, -116, -1572, -16453, , , , , 
4.58755, IMU_DATA, 0.56875, -0.678125, -0.030625, -83, -1585, -16436, , , , , 
4.58784, IMU_DATA, 0.599375, -0.67375, -0.07, -144, -1631, -16432, , , , , 
4.58815, IMU_DATA, 0.56, -0.660625, -0.048125, -108, -1627, -16415, , , , , 
4.58845, IMU_DATA, 0.564375, -0.669375, -0.07, -153, -1562, -16338, , , , , 
4.58875, IMU_DATA, 0.573125, -0.678125, -0.039375, -167, -1632, -16467, , , , , 
4.58904, IMU_DATA, 0.56, -0.6475, -0.07, -155, -1634, -16395, , , , , 
4.58935, IMU_DATA, 0.573125, -0.70875, -0.06125, -108, -1589, -16364, , , , , 
4.58965, IMU_DATA, 0.56, -0.678125, -0.048125, -92, -1662, -16403, , , , , 
4.58994, IMU_DATA, 0.55125, -0.67375, -0.065625, -161, -1632, -16451, , , , , 
4.59025, IMU_DATA, 0.56, -0.6825, -0.065625, -127, -1630, -16412, , , , , 
4.59055, IMU_DATA, 0.56, -0.6825, -0.0525, -54, -1701, -16382, , , , , 
4.59085, IMU_DATA, 0.564375, -0.695625, -0.07, -58, -1592, -16471, , , , , 
4.59114, IMU_DATA, 0.56, -0.704375, -0.06125, -114, -1611, -16434, , , , , 
4.59145, IMU_DATA, 0.564375, -0.7, -0.04375, -167, -1636, -16421, , , , , 
4.59175, IMU_DATA, 0.529375, -0.70875, -0.100625, -127, -1676, -16395, , , , , 
4.59204, IMU_DATA, 0.599375, -0.7175, -0.04375, -125, -1636, -16355, , , , , 
4.59235, IMU_DATA, 0.5425, -0.70875, -0.07, -136, -1644, -16433, , , , , 
4.59265, IMU_DATA, 0.56, -0.730625, -0.07875, -92, -1618, -16411, , , , , 
4.59295, IMU_DATA, 0.564375, -0.721875, -0.07875, -120, -1624, -16431, , , , , 
4.59324, IMU_DATA, 0.520625, -0.713125, -0.035, -35, -1620, -16404, , , , , 
4.59355, IMU_DATA, 0.590625, -0.77, -0.11375, -94, -1626, -16409, , , , , 
4.59385, IMU_DATA, 0.529375, -0.7175, -0.074375, -138, -1652, -16403, , , , , 
4.59414, IMU_DATA, 0.520625, -0.735, -0.0525, -163, -1605, -16376, , , , , 
4.59445, IMU_DATA, 0.55125, -0.756875, -0.105, -114, -1580, -16351, , , , , 
4.59475, IMU_DATA, 0.51625, -0.72625, -0.056875, -128, -1566, -16362, , , , , 
4.59505, IMU_DATA, 0.564375, -0.756875, -0.100625, -107, -1649, -16339, , , , , 
4.59534, IMU_DATA, 0.5075, -0.748125, -0.091875, -113, -1573, -16382, , , , , 
4.59565, IMU_DATA, 0.538125, -0.72625, -0.100625, -136, -1540, -16349, , , , , 
4.59595, IMU_DATA, 0.51625, -0.756875, -0.056875, -107, -1565, -16299, , , , , 
4.59624, IMU_DATA, 0.5075, -0.74375, -0.1225, -97, -1580, -16462, , , , , 
4.59655, IMU_DATA, 0.538125, -0.739375, -0.07, -233, -1623, -16375, , , , , 
4.59685, IMU_DATA, 0.5075, -0.765625, -0.105, -94, -1488, -16328, , , , , 
4.59715, IMU_DATA, 0.5075, -0.7175, -0.100625, -101, -1573, -16334, , , , , 
4.59744, IMU_DATA, 0.51625, -0.748125, -0.109375, -61, -1584, -16359, , , , , 
4.59775, IMU_DATA, 0.525, -0.739375, -0.056875, -72, -1656, -16386, , , , , 
4.59805, IMU_DATA, 0.494375, -0.730625, -0.11375, -97, -1561, -16435, , , , , 
4.59834, IMU_DATA, 0.520625, -0.721875, -0.118125, -104, -1591, -16390, , , , , 
4.59865, IMU_DATA, 0.46375, -0.72625, -0.048125, -162, -1665, -16430, , , , , 
4.59895, IMU_DATA, 0.5425, -0.735, -0.14, -153, -1553, -16402, , , , , 
4.59925, IMU_DATA, 0.46375, -0.6825, -0.0525, -113, -1626, -16365, , , , , 
4.59954, IMU_DATA, 0.51625, -0.74375, -0.105, -75, -1582, -16365, , , , , 
4.59985, IMU_DATA, 0.49, -0.7, -0.0875, -85, -1618, -16433, , , , , 
4.60015, IMU_DATA, 0.49875, -0.7, -0.109375, -78, -1606, -16391, , , , , 
4.60044, IMU_DATA, 0.503125, -0.704375, -0.07, -120, -1614, -16398, , , , , 
4.60075, IMU_DATA, 0.503125, -0.70875, -0.105, -80, -1595, -16462, , , , , 
4.60105, IMU_DATA, 0.5075, -0.6825, -0.091875, -166, -1500, -16433, , , , , 
4.60135, IMU_DATA, 0.5075, -0.695625, -0.109375, -128, -1590, -16420, , , , , 
4.60164, IMU_DATA, 0.51625, -0.6825, -0.083125, -129, -1543, -16389, , , , , 
4.60195, IMU_DATA, 0.494375, -0.70875, -0.14875, -55, -1566, -16341, , , , , 
4.60225, IMU_DATA, 0.525, -0.669375, -0.07875, -78, -1627, -16344, , , , , 
4.60254, IMU_DATA, 0.51625, -0.695625, -0.118125, -177, -1541, -16357, , , , , 
4.60285, IMU_DATA, 0.511875, -0.704375, -0.13125, -133, -1568, -16446, , , , , 
4.60315, IMU_DATA, 0.503125, -0.6475, -0.065625, -106, -1616, -16397, , , , , 
4.60345, IMU_DATA, 0.525, -0.70875, -0.1225, -142, -1573, -16380, , , , , 
4.60374, IMU_DATA, 0.525, -0.669375, -0.126875, -173, -1554, -16376, , , , , 
4.60405, IMU_DATA, 0.49875, -0.6825, -0.07, -178, -1584, -16434, , , , , 
4.60435, IMU_DATA, 0.503125, -0.669375, -0.091875, -140, -1626, -16462, , , , , 
4.60464, IMU_DATA, 0.49, -0.695625, -0.118125, -118, -1624, -16449, , , , , 
4.60495, IMU_DATA, 0.49875, -0.665, -0.07875, -169, -1610, -16438, , , , , 
4.60525, IMU_DATA, 0.51625, -0.695625, -0.056875, -124, -1624, -16383, , , , , 
4.60555, IMU_DATA, 0.503125, -0.686875, -0.109375, -95, -1534, -16389, , , , , 
4.60584, IMU_DATA, 0.4725, -0.6825, -0.0525, -190, -1540, -16398, , , , , 
4.60615, IMU_DATA, 0.485625, -0.6825, -0.06125, -68, -1585, -16384, , , , , 
4.60645, IMU_DATA, 0.48125, -0.7, -0.065625, -133, -1540, -16325, , , , , 
4.60674, IMU_DATA, 0.48125, -0.695625, -0.07, -72, -1547, -16426, , , , , 
4.60705, IMU_DATA, 0.468125, -0.704375, -0.0525, -247, -1588, -16347, , , , , 
4.60735, IMU_DATA, 0.468125, -0.7, -0.056875, -132, -1544, -16374, , , , , 
4.60765, IMU_DATA, 0.459375, -0.7, -0.048125, -126, -1547, -16413, , , , , 
4.60794, IMU_DATA, 0.476875, -0.7175, -0.048125, -85, -1571, -16359, , , , , 
4.60825, IMU_DATA, 0.441875, -0.7175, -0.074375, -177, -1600, -16355, , , , , 
4.60855, IMU_DATA, 0.468125, -0.72625, -0.02625, -138, -1560, -16395, , , , , 
4.60884, IMU_DATA, 0.441875, -0.70875, -0.039375, -131, -1633, -16353, , , , , 
4.60915, IMU_DATA, 0.46375, -0.72625, -0.065625, -48, -1607, -16376, , , , , 
4.60945, IMU_DATA, 0.450625, -0.74375, -0.0525, -153, -1566, -16399, , , , , 
4.60975, IMU_DATA, 0.4725, -0.735, -0.035, -93, -1574, -16370, , , , , 
4.61004, IMU_DATA, 0.46375, -0.7175, -0.065625, -60, -1587, -16407, , , , , 
4.61035, IMU_DATA, 0.46375, -0.735, -0.039375, -62, -1612, -16407, , , , , 
4.61065, IMU_DATA, 0.424375, -0.721875, -0.030625, -90, -1468, -16341, , , , , 
4.61094, IMU_DATA, 0.494375, -0.7525, -0.0875, -65, -1562, -16339, , , , , 
4.61125, IMU_DATA, 0.450625, -0.721875, -0.00875, -52, -1635, -16374, , , , , 
4.61155, IMU_DATA, 0.485625, -0.730625, -0.07, -54, -1599, -16330, , , , , 
4.61185, IMU_DATA, 0.476875, -0.748125, -0.07, -161, -1600, -16343, , , , , 
4.61214, IMU_DATA, 0.441875, -0.730625, -0.04375, -115, -1593, -16406, , , , , 
4.61245, IMU_DATA, 0.49875, -0.70875, -0.0525, -124, -1578, -16370, , , , , 
4.61275, IMU_DATA, 0.46375, -0.748125, -0.065625, -123, -1612, -16384, , , , , 
4.61304, IMU_DATA, 0.46375, -0.7175, -0.065625, -35, -1582, -16376, , , , , 
4.61335, IMU_DATA, 0.494375, -0.735, -0.056875, -96, -1546, -16288, , , , , 
4.61365, IMU_DATA, 0.459375, -0.70875, -0.0875, -85, -1640, -16380, , , , , 
4.61395, IMU_DATA, 0.49, -0.7525, -0.074375, -88, -1583, -16396, , , , , 
4.61424, IMU_DATA, 0.503125, -0.713125, -0.048125, -141, -1573, -16383, , , , , 
4.61455, IMU_DATA, 0.48125, -0.72625, -0.09625, -118, -1575, -16358, , , , , 
4.61485, IMU_DATA, 0.4725, -0.70875, -0.065625, -111, -1587, -16372, , , , , 
4.61514, IMU_DATA, 0.511875, -0.72625, -0.07, -125, -1536, -16380, , , , , 
4.61545, IMU_DATA, 0.485625, -0.695625, -0.07, -135, -1585, -16391, , , , , 
4.61575, IMU_DATA, 0.511875, -0.735, -0.07875, -106, -1618, -16439, , , , , 
4.61604, IMU_DATA, 0.511875, -0.695625, -0.0525, -109, -1574, -16404, , , , , 
4.61634, IMU_DATA, 0.49, -0.7175, -0.0875, -91, -1522, -16463, , , , , 
4.61665, IMU_DATA, 0.538125, -0.713125, -0.056875, -134, -1541, -16406, , , , , 
4.61695, IMU_DATA, 0.503125, -0.686875, -0.021875, -85, -1619, -16396, , , , , 
4.61724, IMU_DATA, 0.525, -0.72625, -0.100625, -147, -1637, -16416, , , , , 
4.61755, IMU_DATA, 0.538125, -0.695625, -0.065625, -148, -1657, -16380, , , , , 
4.61785, IMU_DATA, 0.53375, -0.695625, -0.035, -89, -1543, -16358, , , , , 
4.61814, IMU_DATA, 0.546875, -0.7175, -0.056875, -77, -1567, -16377, , , , , 
4.61844, IMU_DATA, 0.555625, -0.713125, -0.07875, -71, -1583, -16441, , , , , 
4.61875, IMU_DATA, 0.538125, -0.7, -0.02625, -138, -1588, -16399, , , , , 
4.61905, IMU_DATA, 0.573125, -0.70875, -0.07875, -92, -1613, -16356, , , , , 
4.61934, IMU_DATA, 0.573125, -0.704375, -0.074375, -44, -1587, -16430, , , , , 
4.61965, IMU_DATA, 0.60375, -0.70875, -0.048125, -95, -1583, -16373, , , , , 
4.61995, IMU_DATA, 0.581875, -0.7, -0.07, -105, -1532, -16346, , , , , 
4.62024, IMU_DATA, 0.60375, -0.686875, -0.074375, -128, -1610, -16458, , , , , 
4.62054, IMU_DATA, 0.616875, -0.704375, -0.035, -47, -1558, -16449, , , , , 
4.62085, IMU_DATA, 0.625625, -0.695625, -0.09625, -132, -1604, -16452, , , , , 
4.62115, IMU_DATA, 0.651875, -0.7, -0.065625, -142, -1636, -16419, , , , , 
4.62144, IMU_DATA, 0.651875, -0.704375, -0.04375, -102, -1594, -16392, , , , , 
4.62175, IMU_DATA, 0.669375, -0.6825, -0.07, -102, -1620, -16363, , , , , 
4.62205, IMU_DATA, 0.67375, -0.686875, -0.07875, -123, -1583, -16328, , , , , 
4.62234, IMU_DATA, 0.6825, -0.69125, -0.04375, -125, -1584, -16341, , , , , 
4.62264, IMU_DATA, 0.7175, -0.69125, -0.065625, -113, -1664, -16348, , , , , 
4.62295, IMU_DATA, 0.6825, -0.6825, -0.04375, -67, -1560, -16394, , , , , 
4.62325, IMU_DATA, 0.70875, -0.678125, -0.056875, -101, -1637, -16384, , , , , 
4.62354, IMU_DATA, 0.735, -0.686875, -0.0525, -84, -1683, -16399, , , , , 
4.62385, IMU_DATA, 0.730625, -0.67375, -0.065625, -118, -1668, -16421, , , , , 
4.62415, IMU_DATA, 0.713125, -0.67375, -0.021875, -80, -1604, -16316, , , , , 
4.62444, IMU_DATA, 0.76125, -0.69125, -0.07, -106, -1624, -16360, , , , , 
4.43085, IMG_DATA, , , , , , , , , , Image_00070 
4.46252, IMG_DATA, , , , , , , , , , Image_00071 
4.53204, IMG_DATA, , , , , , , , , , Image_00072 
4.56384, IMG_DATA, , , , , , , , , , Image_00073 
4.80505, IMU_DATA, 0.380625, -0.63, -0.109375, -140, -1515, -16408, , , , , 
4.80535, IMU_DATA, 0.380625, -0.60375, -0.07875, -90, -1594, -16410, , , , , 
4.80564, IMU_DATA, 0.39375, -0.608125, -0.1225, -63, -1615, -16404, , , , , 
4.80594, IMU_DATA, 0.424375, -0.608125, -0.1225, -60, -1626, -16380, , , , , 
4.80625, IMU_DATA, 0.4025, -0.60375, -0.056875, -69, -1550, -16358, , , , , 
4.80655, IMU_DATA, 0.398125, -0.63, -0.144375, -158, -1520, -16334, , , , , 
4.80684, IMU_DATA, 0.424375, -0.60375, -0.09625, -92, -1657, -16365, , , , , 
4.80715, IMU_DATA, 0.433125, -0.634375, -0.0875, -60, -1572, -16402, , , , , 
4.80745, IMU_DATA, 0.44625, -0.6125, -0.126875, -90, -1554, -16392, , , , , 
4.80774, IMU_DATA, 0.406875, -0.60375, -0.074375, -60, -1613, -16386, , , , , 
4.80804, IMU_DATA, 0.4725, -0.63875, -0.083125, -110, -1587, -16402, , , , , 
4.80835, IMU_DATA, 0.4375, -0.62125, -0.109375, -91, -1557, -16392, , , , , 
4.80865, IMU_DATA, 0.476875, -0.625625, -0.09625, -72, -1585, -16417, , , , , 
4.80894, IMU_DATA, 0.4725, -0.6125, -0.06125, -130, -1578, -16389, , , , , 
4.80925, IMU_DATA, 0.468125, -0.6475, -0.118125, -84, -1618, -16451, , , , , 
4.80955, IMU_DATA, 0.476875, -0.6125, -0.06125, -84, -1654, -16395, , , , , 
4.80984, IMU_DATA, 0.520625, -0.625625, -0.056875, -40, -1566, -16351, , , , , 
4.81014, IMU_DATA, 0.49875, -0.63, -0.083125, -124, -1622, -16395, , , , , 
4.81045, IMU_DATA, 0.525, -0.616875, -0.105, -138, -1560, -16403, , , , , 
4.81075, IMU_DATA, 0.51625, -0.60375, -0.0175, -64, -1616, -16367, , , , , 
4.81104, IMU_DATA, 0.538125, -0.625625, -0.09625, -104, -1614, -16362, , , , , 
4.81135, IMU_DATA, 0.546875, -0.6125, -0.091875, -82, -1549, -16357, , , , , 
4.81165, IMU_DATA, 0.58625, -0.608125, -0.048125, -158, -1547, -16358, , , , , 
4.81194, IMU_DATA, 0.5425, -0.608125, -0.07875, -149, -1533, -16384, , , , , 
4.81224, IMU_DATA, 0.616875, -0.63, -0.109375, -100, -1576, -16389, , , , , 
4.81255, IMU_DATA, 0.56875, -0.581875, -0.030625, -84, -1563, -16374, , , , , 
4.81285, IMU_DATA, 0.634375, -0.634375, -0.126875, -46, -1614, -16314, , , , , 
4.81314, IMU_DATA, 0.60375, -0.573125, -0.0875, -78, -1614, -16361, , , , , 
4.81345, IMU_DATA, 0.6475, -0.625625, -0.074375, -101, -1578, -16401, , , , , 
4.81375, IMU_DATA, 0.625625, -0.595, -0.091875, -177, -1638, -16390, , , , , 
4.81404, IMU_DATA, 0.651875, -0.6125, -0.11375, -131, -1598, -16395, , , , , 
4.81434, IMU_DATA, 0.665, -0.60375, -0.09625, -80, -1584, -16393, , , , , 
4.81465, IMU_DATA, 0.651875, -0.599375, -0.09625, -58, -1603, -16340, , , , , 
4.81495, IMU_DATA, 0.6475, -0.56875, -0.109375, -29, -1545, -16373, , , , , 
4.81524, IMU_DATA, 0.6825, -0.634375, -0.100625, -45, -1646, -16420, , , , , 
4.81555, IMU_DATA, 0.651875, -0.62125, -0.1225, -156, -1603, -16405, , , , , 
4.81585, IMU_DATA, 0.665, -0.58625, -0.1225, -73, -1600, -16444, , , , , 
4.81614, IMU_DATA, 0.660625, -0.634375, -0.07875, -89, -1564, -16394, , , , , 
4.81644, IMU_DATA, 0.651875, -0.599375, -0.11375, -47, -1590, -16322, , , , , 
4.81675, IMU_DATA, 0.63875, -0.651875, -0.13125, -86, -1590, -16440, , , , , 
4.81705, IMU_DATA, 0.6475, -0.63, -0.09625, -92, -1638, -16402, , , , , 
4.81734, IMU_DATA, 0.643125, -0.616875, -0.0875, -70, -1681, -16409, , , , , 
4.81765, IMU_DATA, 0.643125, -0.669375, -0.13125, -122, -1626, -16416, , , , , 
4.81795, IMU_DATA, 0.60375, -0.651875, -0.07, -83, -1572, -16402, , , , , 
4.81824, IMU_DATA, 0.616875, -0.643125, -0.109375, -11, -1628, -16367, , , , , 
4.81854, IMU_DATA, 0.608125, -0.651875, -0.105, -106, -1616, -16350, , , , , 
4.81885, IMU_DATA, 0.60375, -0.67375, -0.065625, -124, -1564, -16410, , , , , 
4.81915, IMU_DATA, 0.56875, -0.65625, -0.074375, -154, -1608, -16433, , , , , 
4.81944, IMU_DATA, 0.564375, -0.6825, -0.0875, -144, -1612, -16382, , , , , 
4.81975, IMU_DATA, 0.56, -0.665, -0.056875, -107, -1642, -16353, , , , , 
4.82005, IMU_DATA, 0.564375, -0.669375, -0.065625, -75, -1566, -16372, , , , , 
4.82034, IMU_DATA, 0.520625, -0.65625, -0.09625, -96, -1535, -16375, , , , , 
4.82064, IMU_DATA, 0.55125, -0.7, -0.0525, -68, -1632, -16393, , , , , 
4.82095, IMU_DATA, 0.485625, -0.651875, -0.056875, -85, -1529, -16425, , , , , 
4.82125, IMU_DATA, 0.511875, -0.704375, -0.09625, -160, -1597, -16379, , , , , 
4.82154, IMU_DATA, 0.4725, -0.651875, -0.04375, -131, -1557, -16422, , , , , 
4.82185, IMU_DATA, 0.468125, -0.669375, -0.074375, -213, -1518, -16442, , , , , 
4.82215, IMU_DATA, 0.468125, -0.669375, -0.074375, -59, -1555, -16420, , , , , 
4.82244, IMU_DATA, 0.468125, -0.67375, -0.074375, -122, -1585, -16337, , , , , 
4.82274, IMU_DATA, 0.424375, -0.660625, -0.0525, -57, -1570, -16292, , , , , 
4.82305, IMU_DATA, 0.4375, -0.67375, -0.135625, -63, -1593, -16286, , , , , 
4.82335, IMU_DATA, 0.42875, -0.63875, -0.0525, -44, -1571, -16421, , , , , 
4.82364, IMU_DATA, 0.415625, -0.660625, -0.083125, -136, -1560, -16421, , , , , 
4.82395, IMU_DATA, 0.41125, -0.65625, -0.11375, -45, -1578, -16414, , , , , 
4.82425, IMU_DATA, 0.415625, -0.651875, -0.100625, -53, -1666, -16404, , , , , 
4.82454, IMU_DATA, 0.406875, -0.6475, -0.07875, -84, -1578, -16422, , , , , 
4.82484, IMU_DATA, 0.39375, -0.63, -0.11375, -152, -1582, -16400, , , , , 
4.82515, IMU_DATA, 0.406875, -0.6475, -0.105, -56, -1639, -16420, , , , , 
4.82545, IMU_DATA, 0.424375, -0.660625, -0.109375, -93, -1650, -16367, , , , , 
4.82574, IMU_DATA, 0.39375, -0.634375, -0.126875, -184, -1576, -16410, , , , , 
4.82605, IMU_DATA, 0.406875, -0.651875, -0.09625, -126, -1592, -16467, , , , , 
4.82635, IMU_DATA, 0.42, -0.660625, -0.109375, -128, -1632, -16372, , , , , 
4.82664, IMU_DATA, 0.41125, -0.651875, -0.135625, -124, -1582, -16372, , , , , 
4.82694, IMU_DATA, 0.398125, -0.651875, -0.109375, -44, -1636, -16370, , , , , 
4.82725, IMU_DATA, 0.441875, -0.67375, -0.1225, -143, -1631, -16444, , , , , 
4.82755, IMU_DATA, 0.424375, -0.660625, -0.126875, -101, -1656, -16425, , , , , 
4.82784, IMU_DATA, 0.455, -0.665, -0.11375, -102, -1572, -16405, , , , , 
4.82815, IMU_DATA, 0.4375, -0.67375, -0.100625, -63, -1587, -16378, , , , , 
4.82845, IMU_DATA, 0.44625, -0.660625, -0.153125, -96, -1637, -16379, , , , , 
4.82874, IMU_DATA, 0.485625, -0.665, -0.1225, -117, -1602, -16325, , , , , 
4.82904, IMU_DATA, 0.441875, -0.669375, -0.091875, -59, -1646, -16381, , , , , 
4.82935, IMU_DATA, 0.49, -0.669375, -0.144375, -93, -1645, -16374, , , , , 
4.82965, IMU_DATA, 0.459375, -0.6825, -0.109375, -93, -1481, -16364, , , , , 
4.82994, IMU_DATA, 0.51625, -0.63875, -0.144375, -102, -1575, -16428, , , , , 
4.83025, IMU_DATA, 0.49, -0.669375, -0.09625, -25, -1553, -16503, , , , , 
4.83055, IMU_DATA, 0.48125, -0.678125, -0.14875, -139, -1584, -16495, , , , , 
4.83084, IMU_DATA, 0.49875, -0.65625, -0.09625, -95, -1495, -16492, , , , , 
4.83114, IMU_DATA, 0.51625, -0.634375, -0.144375, -136, -1551, -16420, , , , , 
4.83145, IMU_DATA, 0.511875, -0.7, -0.135625, -44, -1525, -16378, , , , , 
4.83175, IMU_DATA, 0.49875, -0.63875, -0.118125, -164, -1602, -16420, , , , , 
4.83204, IMU_DATA, 0.511875, -0.651875, -0.1575, -99, -1666, -16403, , , , , 
4.83235, IMU_DATA, 0.525, -0.6825, -0.1225, -59, -1586, -16379, , , , , 
4.83265, IMU_DATA, 0.503125, -0.63875, -0.126875, -52, -1603, -16371, , , , , 
4.83294, IMU_DATA, 0.53375, -0.665, -0.161875, -24, -1565, -16413, , , , , 
4.83325, IMU_DATA, 0.503125, -0.651875, -0.1225, -102, -1578, -16367, , , , , 
4.83355, IMU_DATA, 0.538125, -0.660625, -0.1575, -126, -1610, -16425, , , , , 
4.83385, IMU_DATA, 0.538125, -0.67375, -0.14875, -102, -1583, -16358, , , , , 
4.83414, IMU_DATA, 0.529375, -0.6475, -0.161875, -53, -1656, -16354, , , , , 
4.83445, IMU_DATA, 0.53375, -0.65625, -0.13125, -170, -1661, -16420, , , , , 
4.83475, IMU_DATA, 0.525, -0.643125, -0.153125, -127, -1622, -16462, , , , , 
4.83504, IMU_DATA, 0.546875, -0.669375, -0.16625, -40, -1643, -16408, , , , , 
4.83535, IMU_DATA, 0.529375, -0.634375, -0.135625, -59, -1619, -16383, , , , , 
4.83565, IMU_DATA, 0.53375, -0.63875, -0.135625, -165, -1633, -16426, , , , , 
4.83595, IMU_DATA, 0.55125, -0.660625, -0.170625, -59, -1592, -16392, , , , , 
4.83624, IMU_DATA, 0.5425, -0.63875, -0.13125, -80, -1623, -16435, , , , , 
4.83655, IMU_DATA, 0.529375, -0.643125, -0.14875, -114, -1602, -16396, , , , , 
4.83685, IMU_DATA, 0.55125, -0.634375, -0.126875, -145, -1635, -16319, , , , , 
4.83714, IMU_DATA, 0.5425, -0.63875, -0.135625, -73, -1702, -16444, , , , , 
4.83745, IMU_DATA, 0.5425, -0.62125, -0.118125, -146, -1645, -16446, , , , , 
4.83775, IMU_DATA, 0.546875, -0.643125, -0.135625, -116, -1606, -16399, , , , , 
4.83805, IMU_DATA, 0.55125, -0.62125, -0.11375, -94, -1563, -16488, , , , , 
4.83834, IMU_DATA, 0.53375, -0.63, -0.11375, -88, -1657, -16350, , , , , 
4.83865, IMU_DATA, 0.56, -0.6125, -0.1225, -82, -1632, -16354, , , , , 
4.83895, IMU_DATA, 0.546875, -0.6125, -0.118125, -91, -1666, -16418, , , , , 
4.83924, IMU_DATA, 0.573125, -0.63875, -0.109375, -116, -1632, -16414, , , , , 
4.83955, IMU_DATA, 0.529375, -0.573125, -0.083125, -93, -1606, -16450, , , , , 
4.83985, IMU_DATA, 0.581875, -0.63, -0.118125, -121, -1689, -16350, , , , , 
4.84015, IMU_DATA, 0.546875, -0.595, -0.100625, -117, -1546, -16434, , , , , 
4.84044, IMU_DATA, 0.546875, -0.60375, -0.105, -146, -1588, -16390, , , , , 
4.84075, IMU_DATA, 0.56875, -0.5775, -0.07875, -140, -1575, -16435, , , , , 
4.84105, IMU_DATA, 0.56875, -0.62125, -0.091875, -109, -1602, -16406, , , , , 
4.84134, IMU_DATA, 0.5775, -0.60375, -0.09625, -97, -1597, -16384, , , , , 
4.84165, IMU_DATA, 0.56, -0.595, -0.074375, -69, -1589, -16316, , , , , 
4.84195, IMU_DATA, 0.56875, -0.590625, -0.091875, -111, -1666, -16448, , , , , 
4.84225, IMU_DATA, 0.555625, -0.6125, -0.07, -28, -1652, -16449, , , , , 
4.84254, IMU_DATA, 0.581875, -0.599375, -0.07875, -121, -1534, -16469, , , , , 
4.84285, IMU_DATA, 0.58625, -0.625625, -0.09625, -100, -1515, -16469, , , , , 
4.84315, IMU_DATA, 0.56875, -0.608125, -0.0525, -150, -1632, -16450, , , , , 
4.84344, IMU_DATA, 0.55125, -0.62125, -0.065625, -88, -1705, -16438, , , , , 
4.84375, IMU_DATA, 0.5775, -0.60375, -0.07875, -112, -1595, -16433, , , , , 
4.84405, IMU_DATA, 0.573125, -0.63875, -0.06125, -102, -1612, -16416, , , , , 
4.84435, IMU_DATA, 0.56, -0.634375, -0.065625, -92, -1601, -16469, , , , , 
4.84464, IMU_DATA, 0.564375, -0.63, -0.0525, -107, -1606, -16484, , , , , 
4.84495, IMU_DATA, 0.58625, -0.67375, -0.083125, -92, -1651, -16395, , , , , 
4.84525, IMU_DATA, 0.546875, -0.63, -0.07, -95, -1553, -16435, , , , , 
4.84554, IMU_DATA, 0.555625, -0.660625, -0.06125, -59, -1568, -16444, , , , , 
4.84585, IMU_DATA, 0.590625, -0.651875, -0.083125, -120, -1599, -16373, , , , , 
4.84615, IMU_DATA, 0.5425, -0.6825, -0.074375, -82, -1563, -16434, , , , , 
4.84645, IMU_DATA, 0.564375, -0.651875, -0.083125, -63, -1701, -16422, , , , , 
4.84674, IMU_DATA, 0.581875, -0.669375, -0.06125, -108, -1629, -16395, , , , , 
4.84705, IMU_DATA, 0.564375, -0.6825, -0.091875, -142, -1685, -16396, , , , , 
4.84735, IMU_DATA, 0.56875, -0.660625, -0.09625, -121, -1647, -16406, , , , , 
4.84764, IMU_DATA, 0.58625, -0.669375, -0.074375, -84, -1584, -16429, , , , , 
4.84795, IMU_DATA, 0.573125, -0.651875, -0.0875, -117, -1570, -16392, , , , , 
4.84825, IMU_DATA, 0.599375, -0.660625, -0.07, -129, -1585, -16412, , , , , 
4.84855, IMU_DATA, 0.590625, -0.660625, -0.091875, -53, -1622, -16446, , , , , 
4.84884, IMU_DATA, 0.608125, -0.65625, -0.083125, -120, -1646, -16432, , , , , 
4.84915, IMU_DATA, 0.608125, -0.6475, -0.0875, -110, -1574, -16404, , , , , 
4.84945, IMU_DATA, 0.608125, -0.651875, -0.0875, -67, -1607, -16384, , , , , 
4.84974, IMU_DATA, 0.643125, -0.643125, -0.0875, -113, -1706, -16370, , , , , 
4.85005, IMU_DATA, 0.6125, -0.634375, -0.07875, -81, -1630, -16458, , , , , 
4.85035, IMU_DATA, 0.634375, -0.6475, -0.091875, -104, -1606, -16399, , , , , 
4.85065, IMU_DATA, 0.643125, -0.634375, -0.100625, -97, -1621, -16418, , , , , 
4.85094, IMU_DATA, 0.6475, -0.63875, -0.091875, -71, -1599, -16378, , , , , 
4.85125, IMU_DATA, 0.643125, -0.63, -0.07875, -116, -1706, -16356, , , , , 
4.85155, IMU_DATA, 0.651875, -0.643125, -0.09625, -90, -1581, -16340, , , , , 
4.85184, IMU_DATA, 0.651875, -0.634375, -0.1225, -176, -1579, -16443, , , , , 
4.85215, IMU_DATA, 0.634375, -0.6475, -0.07875, -157, -1581, -16479, , , , , 
4.85245, IMU_DATA, 0.63875, -0.6125, -0.105, -53, -1640, -16417, , , , , 
4.85275, IMU_DATA, 0.65625, -0.63, -0.100625, -71, -1714, -16394, , , , , 
4.85304, IMU_DATA, 0.6125, -0.6475, -0.083125, -61, -1566, -16400, , , , , 
4.85335, IMU_DATA, 0.634375, -0.634375, -0.109375, -126, -1536, -16368, , , , , 
4.85365, IMU_DATA, 0.60375, -0.63875, -0.09625, -118, -1605, -16384, , , , , 
4.85394, IMU_DATA, 0.616875, -0.62125, -0.091875, -82, -1597, -16420, , , , , 
4.85425, IMU_DATA, 0.60375, -0.6475, -0.1225, -109, -1669, -16324, , , , , 
4.85455, IMU_DATA, 0.590625, -0.62125, -0.0875, -174, -1620, -16396, , , , , 
4.85485, IMU_DATA, 0.5775, -0.665, -0.09625, -115, -1644, -16413, , , , , 
4.85514, IMU_DATA, 0.5775, -0.625625, -0.09625, -136, -1619, -16368, , , , , 
4.85545, IMU_DATA, 0.56, -0.651875, -0.091875, -115, -1647, -16408, , , , , 
4.85575, IMU_DATA, 0.555625, -0.63875, -0.07, -93, -1646, -16374, , , , , 
4.64734, IMG_DATA, , , , , , , , , , Image_00074 
4.89174, IMU_DATA, 0.494375, -0.625625, -0.083125, -41, -1542, -16423, , , , , 
4.89205, IMU_DATA, 0.494375, -0.63, -0.065625, -105, -1568, -16364, , , , , 
4.89235, IMU_DATA, 0.49, -0.599375, -0.06125, -88, -1513, -16384, , , , , 
4.89264, IMU_DATA, 0.511875, -0.63, -0.074375, -120, -1684, -16396, , , , , 
4.89294, IMU_DATA, 0.5075, -0.63, -0.07, -144, -1594, -16405, , , , , 
4.89325, IMU_DATA, 0.520625, -0.63, -0.030625, -74, -1597, -16437, , , , , 
4.89355, IMU_DATA, 0.53375, -0.643125, -0.09625, -137, -1628, -16453, , , , , 
4.89384, IMU_DATA, 0.525, -0.62125, -0.039375, -102, -1559, -16361, , , , , 
4.89415, IMU_DATA, 0.5425, -0.643125, -0.06125, -94, -1654, -16344, , , , , 
4.89445, IMU_DATA, 0.538125, -0.608125, -0.0525, -132, -1638, -16344, , , , , 
4.89474, IMU_DATA, 0.56875, -0.665, -0.065625, -64, -1575, -16380, , , , , 
4.89505, IMU_DATA, 0.555625, -0.634375, -0.074375, -122, -1610, -16410, , , , , 
4.89535, IMU_DATA, 0.555625, -0.63, -0.048125, -160, -1620, -16373, , , , , 
4.89565, IMU_DATA, 0.56, -0.65625, -0.056875, -75, -1616, -16350, , , , , 
4.89594, IMU_DATA, 0.590625, -0.65625, -0.091875, -116, -1533, -16418, , , , , 
4.89625, IMU_DATA, 0.555625, -0.62125, -0.0525, -161, -1678, -16371, , , , , 
4.89655, IMU_DATA, 0.573125, -0.665, -0.06125, -121, -1556, -16335, , , , , 
4.89684, IMU_DATA, 0.573125, -0.643125, -0.105, -103, -1580, -16379, , , , , 
4.89715, IMU_DATA, 0.58625, -0.665, -0.065625, -7, -1618, -16362, , , , , 
4.89745, IMU_DATA, 0.5775, -0.6475, -0.07875, 9, -1623, -16422, , , , , 
4.89775, IMU_DATA, 0.5775, -0.651875, -0.09625, -122, -1628, -16400, , , , , 
4.89804, IMU_DATA, 0.56875, -0.651875, -0.07875, -92, -1655, -16361, , , , , 
4.89835, IMU_DATA, 0.58625, -0.660625, -0.07875, -64, -1649, -16370, , , , , 
4.89865, IMU_DATA, 0.555625, -0.643125, -0.07875, -150, -1610, -16375, , , , , 
4.89894, IMU_DATA, 0.6125, -0.665, -0.118125, -40, -1572, -16408, , , , , 
4.89925, IMU_DATA, 0.538125, -0.634375, -0.0875, -52, -1569, -16454, , , , , 
4.89955, IMU_DATA, 0.599375, -0.651875, -0.091875, -66, -1597, -16412, , , , , 
4.89985, IMU_DATA, 0.55125, -0.643125, -0.083125, -187, -1671, -16399, , , , , 
4.90014, IMU_DATA, 0.5775, -0.63875, -0.09625, -191, -1598, -16405, , , , , 
4.90045, IMU_DATA, 0.564375, -0.660625, -0.091875, -103, -1657, -16392, , , , , 
4.90075, IMU_DATA, 0.5775, -0.643125, -0.09625, -115, -1657, -16401, , , , , 
4.90104, IMU_DATA, 0.555625, -0.651875, -0.109375, -159, -1651, -16405, , , , , 
4.90135, IMU_DATA, 0.56, -0.6475, -0.105, -136, -1596, -16392, , , , , 
4.90165, IMU_DATA, 0.546875, -0.665, -0.09625, -122, -1604, -16371, , , , , 
4.90195, IMU_DATA, 0.5775, -0.65625, -0.0875, -83, -1559, -16401, , , , , 
4.90224, IMU_DATA, 0.5425, -0.665, -0.109375, -176, -1606, -16439, , , , , 
4.90255, IMU_DATA, 0.53375, -0.678125, -0.11375, -178, -1624, -16460, , , , , 
4.90285, IMU_DATA, 0.564375, -0.678125, -0.105, -138, -1628, -16474, , , , , 
4.90314, IMU_DATA, 0.520625, -0.69125, -0.118125, -149, -1654, -16404, , , , , 
4.90345, IMU_DATA, 0.525, -0.669375, -0.109375, -114, -1701, -16329, , , , , 
4.90375, IMU_DATA, 0.55125, -0.70875, -0.11375, 23, -1661, -16391, , , , , 
4.90405, IMU_DATA, 0.520625, -0.686875, -0.109375, -98, -1607, -16412, , , , , 
4.90434, IMU_DATA, 0.529375, -0.7, -0.109375, -110, -1623, -16432, , , , , 
4.90465, IMU_DATA, 0.525, -0.695625, -0.105, -127, -1598, -16402, , , , , 
4.90495, IMU_DATA, 0.49875, -0.686875, -0.100625, -56, -1613, -16375, , , , , 
4.90524, IMU_DATA, 0.5425, -0.7175, -0.11375, -139, -1638, -16415, , , , , 
4.90555, IMU_DATA, 0.494375, -0.704375, -0.105, -114, -1674, -16421, , , , , 
4.90585, IMU_DATA, 0.49875, -0.6825, -0.09625, -51, -1518, -16402, , , , , 
4.90615, IMU_DATA, 0.5075, -0.695625, -0.09625, -126, -1541, -16427, , , , , 
4.90644, IMU_DATA, 0.4725, -0.7, -0.083125, -111, -1613, -16328, , , , , 
4.90675, IMU_DATA, 0.49, -0.69125, -0.09625, -65, -1596, -16413, , , , , 
4.90705, IMU_DATA, 0.485625, -0.6825, -0.074375, -121, -1621, -16423, , , , , 
4.90734, IMU_DATA, 0.455, -0.686875, -0.100625, -85, -1616, -16404, , , , , 
4.90765, IMU_DATA, 0.476875, -0.7175, -0.083125, -118, -1597, -16381, , , , , 
4.90795, IMU_DATA, 0.485625, -0.6825, -0.07875, -120, -1560, -16413, , , , , 
4.90825, IMU_DATA, 0.433125, -0.69125, -0.07875, -60, -1573, -16376, , , , , 
4.90854, IMU_DATA, 0.459375, -0.70875, -0.09625, -135, -1539, -16386, , , , , 
4.90885, IMU_DATA, 0.455, -0.704375, -0.056875, -150, -1583, -16374, , , , , 
4.90915, IMU_DATA, 0.468125, -0.739375, -0.09625, -163, -1645, -16395, , , , , 
4.90944, IMU_DATA, 0.44625, -0.69125, -0.07, -29, -1607, -16404, , , , , 
4.90975, IMU_DATA, 0.46375, -0.730625, -0.074375, -68, -1596, -16402, , , , , 
4.91005, IMU_DATA, 0.4725, -0.739375, -0.083125, -64, -1557, -16388, , , , , 
4.91035, IMU_DATA, 0.459375, -0.756875, -0.07875, -72, -1650, -16330, , , , , 
4.91064, IMU_DATA, 0.46375, -0.74375, -0.048125, -96, -1649, -16360, , , , , 
4.91095, IMU_DATA, 0.4725, -0.74375, -0.09625, -56, -1555, -16396, , , , , 
4.91125, IMU_DATA, 0.44625, -0.77, -0.035, -111, -1611, -16424, , , , , 
4.91154, IMU_DATA, 0.4725, -0.77875, -0.074375, -125, -1591, -16385, , , , , 
4.91185, IMU_DATA, 0.4725, -0.730625, -0.06125, -106, -1633, -16338, , , , , 
4.91215, IMU_DATA, 0.441875, -0.77, -0.04375, -127, -1695, -16342, , , , , 
4.91245, IMU_DATA, 0.485625, -0.77, -0.06125, -126, -1590, -16411, , , , , 
4.91274, IMU_DATA, 0.441875, -0.756875, -0.035, -60, -1606, -16456, , , , , 
4.91305, IMU_DATA, 0.46375, -0.756875, -0.04375, -99, -1526, -16482, , , , , 
4.91335, IMU_DATA, 0.48125, -0.748125, -0.035, -21, -1513, -16470, , , , , 
4.91364, IMU_DATA, 0.459375, -0.748125, -0.0525, -151, -1589, -16422, , , , , 
4.91395, IMU_DATA, 0.485625, -0.748125, -0.039375, -54, -1529, -16426, , , , , 
4.91425, IMU_DATA, 0.46375, -0.735, -0.021875, -83, -1600, -16369, , , , , 
4.91455, IMU_DATA, 0.485625, -0.7175, -0.035, -78, -1556, -16325, , , , , 
4.91484, IMU_DATA, 0.494375, -0.739375, -0.0525, -147, -1588, -16364, , , , , 
4.91515, IMU_DATA, 0.49875, -0.704375, -0.021875, -133, -1554, -16400, , , , , 
4.91545, IMU_DATA, 0.503125, -0.7175, -0.04375, -74, -1640, -16370, , , , , 
4.91574, IMU_DATA, 0.485625, -0.70875, -0.04375, -110, -1596, -16388, , , , , 
4.91605, IMU_DATA, 0.525, -0.7175, -0.048125, -123, -1583, -16327, , , , , 
4.91635, IMU_DATA, 0.53375, -0.704375, -0.0525, -115, -1551, -16337, , , , , 
4.91665, IMU_DATA, 0.525, -0.686875, -0.07, -85, -1588, -16376, , , , , 
4.91694, IMU_DATA, 0.51625, -0.6825, -0.04375, -66, -1574, -16461, , , , , 
4.91725, IMU_DATA, 0.5425, -0.7, -0.0875, -69, -1650, -16345, , , , , 
4.91755, IMU_DATA, 0.520625, -0.665, -0.065625, -80, -1573, -16393, , , , , 
4.91784, IMU_DATA, 0.56, -0.713125, -0.07, -89, -1521, -16396, , , , , 
4.91815, IMU_DATA, 0.51625, -0.669375, -0.09625, -86, -1586, -16416, , , , , 
4.91845, IMU_DATA, 0.53375, -0.67375, -0.056875, -144, -1612, -16446, , , , , 
4.91875, IMU_DATA, 0.555625, -0.6825, -0.100625, -151, -1550, -16364, , , , , 
4.91904, IMU_DATA, 0.520625, -0.69125, -0.09625, -167, -1663, -16483, , , , , 
4.91935, IMU_DATA, 0.538125, -0.660625, -0.083125, -116, -1651, -16392, , , , , 
4.91965, IMU_DATA, 0.51625, -0.6825, -0.100625, -78, -1566, -16426, , , , , 
4.91994, IMU_DATA, 0.56, -0.686875, -0.118125, -114, -1660, -16420, , , , , 
4.92025, IMU_DATA, 0.503125, -0.660625, -0.065625, -104, -1621, -16451, , , , , 
4.92055, IMU_DATA, 0.525, -0.669375, -0.100625, -28, -1570, -16458, , , , , 
4.92085, IMU_DATA, 0.529375, -0.69125, -0.13125, -87, -1556, -16380, , , , , 
4.92114, IMU_DATA, 0.520625, -0.678125, -0.06125, -157, -1614, -16411, , , , , 
4.92145, IMU_DATA, 0.520625, -0.678125, -0.1225, -153, -1624, -16444, , , , , 
4.92175, IMU_DATA, 0.49, -0.686875, -0.0875, -219, -1560, -16453, , , , , 
4.92204, IMU_DATA, 0.51625, -0.6825, -0.105, -165, -1586, -16411, , , , , 
4.92235, IMU_DATA, 0.49, -0.686875, -0.056875, -97, -1646, -16448, , , , , 
4.92265, IMU_DATA, 0.49, -0.69125, -0.109375, -100, -1602, -16432, , , , , 
4.92295, IMU_DATA, 0.4725, -0.695625, -0.065625, 15, -1606, -16326, , , , , 
4.92324, IMU_DATA, 0.48125, -0.695625, -0.074375, -51, -1583, -16423, , , , , 
4.92355, IMU_DATA, 0.46375, -0.69125, -0.0875, -84, -1622, -16393, , , , , 
4.92385, IMU_DATA, 0.468125, -0.70875, -0.04375, -155, -1614, -16304, , , , , 
4.92414, IMU_DATA, 0.433125, -0.69125, -0.06125, -78, -1563, -16384, , , , , 
4.92445, IMU_DATA, 0.44625, -0.7175, -0.065625, -101, -1600, -16354, , , , , 
4.92475, IMU_DATA, 0.415625, -0.704375, -0.04375, -170, -1529, -16401, , , , , 
4.92505, IMU_DATA, 0.42, -0.704375, -0.021875, -79, -1458, -16344, , , , , 
4.92534, IMU_DATA, 0.441875, -0.735, -0.0875, -86, -1515, -16406, , , , , 
4.92565, IMU_DATA, 0.398125, -0.6825, -0.013125, -62, -1570, -16377, , , , , 
4.92595, IMU_DATA, 0.398125, -0.704375, -0.02625, -36, -1553, -16400, , , , , 
4.92624, IMU_DATA, 0.406875, -0.704375, -0.07, -57, -1596, -16397, , , , , 
4.92655, IMU_DATA, 0.42875, -0.735, -0.04375, -41, -1576, -16414, , , , , 
4.92685, IMU_DATA, 0.389375, -0.704375, -0.039375, -146, -1625, -16386, , , , , 
4.92715, IMU_DATA, 0.389375, -0.704375, -0.06125, -146, -1531, -16469, , , , , 
4.92744, IMU_DATA, 0.42, -0.70875, -0.035, -118, -1530, -16384, , , , , 
4.92775, IMU_DATA, 0.41125, -0.69125, -0.07, -72, -1620, -16423, , , , , 
4.92805, IMU_DATA, 0.4025, -0.704375, -0.056875, -110, -1562, -16411, , , , , 
4.92834, IMU_DATA, 0.415625, -0.713125, -0.065625, -55, -1586, -16483, , , , , 
4.92865, IMU_DATA, 0.433125, -0.713125, -0.0525, -146, -1603, -16422, , , , , 
4.92895, IMU_DATA, 0.4375, -0.686875, -0.0875, -62, -1600, -16435, , , , , 
4.92924, IMU_DATA, 0.424375, -0.7, -0.07875, -68, -1672, -16432, , , , , 
4.92954, IMU_DATA, 0.46375, -0.721875, -0.06125, -154, -1583, -16357, , , , , 
4.92985, IMU_DATA, 0.44625, -0.6825, -0.07875, -6, -1618, -16408, , , , , 
4.93015, IMU_DATA, 0.46375, -0.704375, -0.07875, -45, -1588, -16380, , , , , 
4.93044, IMU_DATA, 0.455, -0.70875, -0.056875, -113, -1684, -16350, , , , , 
4.93075, IMU_DATA, 0.49, -0.686875, -0.074375, -64, -1620, -16434, , , , , 
4.93105, IMU_DATA, 0.485625, -0.7, -0.083125, -75, -1640, -16428, , , , , 
4.93134, IMU_DATA, 0.494375, -0.695625, -0.06125, -74, -1566, -16417, , , , , 
4.93164, IMU_DATA, 0.4725, -0.695625, -0.074375, -84, -1624, -16368, , , , , 
4.93195, IMU_DATA, 0.520625, -0.695625, -0.0875, -85, -1630, -16442, , , , , 
4.93225, IMU_DATA, 0.503125, -0.69125, -0.013125, -116, -1686, -16361, , , , , 
4.93254, IMU_DATA, 0.53375, -0.7, -0.105, -96, -1678, -16384, , , , , 
4.93285, IMU_DATA, 0.51625, -0.6825, -0.065625, -64, -1661, -16389, , , , , 
4.93315, IMU_DATA, 0.56, -0.7, -0.04375, -105, -1584, -16419, , , , , 
4.93344, IMU_DATA, 0.511875, -0.660625, -0.07, -86, -1626, -16389, , , , , 
4.93374, IMU_DATA, 0.555625, -0.713125, -0.083125, -88, -1598, -16352, , , , , 
4.93405, IMU_DATA, 0.53375, -0.65625, -0.021875, 23, -1552, -16476, , , , , 
4.93435, IMU_DATA, 0.564375, -0.7, -0.07875, -65, -1586, -16401, , , , , 
4.93464, IMU_DATA, 0.573125, -0.67375, -0.074375, -123, -1594, -16383, , , , , 
4.93495, IMU_DATA, 0.573125, -0.678125, -0.039375, -75, -1624, -16430, , , , , 
4.93525, IMU_DATA, 0.564375, -0.67375, -0.065625, -116, -1581, -16401, , , , , 
4.93554, IMU_DATA, 0.6125, -0.67375, -0.07, -109, -1537, -16380, , , , , 
4.93584, IMU_DATA, 0.56875, -0.643125, -0.048125, -94, -1548, -16408, , , , , 
4.93615, IMU_DATA, 0.60375, -0.686875, -0.0875, -105, -1669, -16513, , , , , 
4.93645, IMU_DATA, 0.590625, -0.643125, -0.07875, -106, -1636, -16435, , , , , 
4.93674, IMU_DATA, 0.625625, -0.686875, -0.06125, -132, -1626, -16428, , , , , 
4.93705, IMU_DATA, 0.6125, -0.643125, -0.0525, -110, -1622, -16445, , , , , 
4.93735, IMU_DATA, 0.625625, -0.665, -0.07875, -185, -1597, -16504, , , , , 
4.93764, IMU_DATA, 0.634375, -0.660625, -0.06125, -154, -1625, -16396, , , , , 
4.93794, IMU_DATA, 0.63875, -0.65625, -0.074375, -101, -1568, -16342, , , , , 
4.93825, IMU_DATA, 0.634375, -0.660625, -0.091875, -99, -1595, -16404, , , , , 
4.93855, IMU_DATA, 0.63, -0.6475, -0.035, -65, -1671, -16351, , , , , 
4.93884, IMU_DATA, 0.65625, -0.665, -0.091875, -114, -1556, -16370, , , , , 
4.93915, IMU_DATA, 0.6475, -0.660625, -0.07, -77, -1640, -16409, , , , , 
4.93945, IMU_DATA, 0.65625, -0.65625, -0.04375, -73, -1588, -16382, , , , , 
4.93974, IMU_DATA, 0.660625, -0.660625, -0.07875, -49, -1610, -16414, , , , , 
4.94004, IMU_DATA, 0.63875, -0.660625, -0.07, -122, -1672, -16432, , , , , 
4.94035, IMU_DATA, 0.643125, -0.643125, -0.04375, -82, -1589, -16404, , , , , 
4.94065, IMU_DATA, 0.6475, -0.67375, -0.056875, -44, -1503, -16316, , , , , 
4.94094, IMU_DATA, 0.65625, -0.660625, -0.091875, -22, -1663, -16360, , , , , 
4.94125, IMU_DATA, 0.625625, -0.634375, -0.039375, -79, -1614, -16296, , , , , 
4.94155, IMU_DATA, 0.6475, -0.665, -0.07, -78, -1581, -16375, , , , , 
4.94184, IMU_DATA, 0.608125, -0.6475, -0.07, 18, -1605, -16418, , , , , 
4.94214, IMU_DATA, 0.6125, -0.6475, -0.048125, -76, -1664, -16387, , , , , 
4.94245, IMU_DATA, 0.60375, -0.669375, -0.074375, -91, -1565, -16382, , , , , 
4.73859, IMG_DATA, , , , , , , , , , Image_00075 
4.77063, IMG_DATA, , , , , , , , , , Image_00076 
5.01985, IMU_DATA, 0.494375, -0.634375, -0.07875, -96, -1616, -16430, , , , , 